img_name,PSNR
100090_1.png,0
100090_2.png,0
100090_3.png,0
100090_4.png,0
100090_5.png,0
100977_1.png,0
100977_2.png,0
100977_3.png,0
100977_4.png,0
100977_5.png,0
10114_1.png,0
10114_2.png,0
10114_3.png,0
10114_4.png,0
10114_5.png,0
101223_1.png,0
101223_2.png,0
101223_3.png,0
101223_4.png,0
101223_5.png,0
101936_1.png,0
101936_2.png,0
101936_3.png,0
101936_4.png,0
101936_5.png,0
102159_1.png,0
102159_2.png,0
102159_3.png,0
102159_4.png,0
102159_5.png,0
102912_1.png,0
102912_2.png,0
102912_3.png,0
102912_4.png,0
102912_5.png,0
103030_1.png,0
103030_2.png,0
103030_3.png,0
103030_4.png,0
103030_5.png,0
103114_1.png,0
103114_2.png,0
103114_3.png,0
103114_4.png,0
103114_5.png,0
103122_1.png,0
103122_2.png,0
103122_3.png,0
103122_4.png,0
103122_5.png,0
103723_1.png,0
103723_2.png,0
103723_3.png,0
103723_4.png,0
103723_5.png,0
104091_1.png,0
104091_2.png,0
104091_3.png,0
104091_4.png,0
104091_5.png,0
105040_1.png,0
105040_2.png,0
105040_3.png,0
105040_4.png,0
105040_5.png,0
105480_1.png,0
105480_2.png,0
105480_3.png,0
105480_4.png,0
105480_5.png,0
105783_1.png,0
105783_2.png,0
105783_3.png,0
105783_4.png,0
105783_5.png,0
10705_1.png,0
10705_2.png,0
10705_3.png,0
10705_4.png,0
10705_5.png,0
107427_1.png,0
107427_2.png,0
107427_3.png,0
107427_4.png,0
107427_5.png,0
108425_1.png,0
108425_2.png,0
108425_3.png,0
108425_4.png,0
108425_5.png,0
109532_1.png,0
109532_2.png,0
109532_3.png,0
109532_4.png,0
109532_5.png,0
111706_1.png,0
111706_2.png,0
111706_3.png,0
111706_4.png,0
111706_5.png,0
111811_1.png,0
111811_2.png,0
111811_3.png,0
111811_4.png,0
111811_5.png,0
113860_1.png,0
113860_2.png,0
113860_3.png,0
113860_4.png,0
113860_5.png,0
115721_1.png,0
115721_2.png,0
115721_3.png,0
115721_4.png,0
115721_5.png,0
115752_1.png,0
115752_2.png,0
115752_3.png,0
115752_4.png,0
115752_5.png,0
116405_1.png,0
116405_2.png,0
116405_3.png,0
116405_4.png,0
116405_5.png,0
116413_1.png,0
116413_2.png,0
116413_3.png,0
116413_4.png,0
116413_5.png,0
11699_1.png,0
11699_2.png,0
11699_3.png,0
11699_4.png,0
11699_5.png,0
119581_1.png,0
119581_2.png,0
119581_3.png,0
119581_4.png,0
119581_5.png,0
120566_1.png,0
120566_2.png,0
120566_3.png,0
120566_4.png,0
120566_5.png,0
121745_1.png,0
121745_2.png,0
121745_3.png,0
121745_4.png,0
121745_5.png,0
122120_1.png,0
122120_2.png,0
122120_3.png,0
122120_4.png,0
122120_5.png,0
122467_1.png,0
122467_2.png,0
122467_3.png,0
122467_4.png,0
122467_5.png,0
124995_1.png,0
124995_2.png,0
124995_3.png,0
124995_4.png,0
124995_5.png,0
125257_1.png,0
125257_2.png,0
125257_3.png,0
125257_4.png,0
125257_5.png,0
125829_1.png,0
125829_2.png,0
125829_3.png,0
125829_4.png,0
125829_5.png,0
126631_1.png,0
126631_2.png,0
126631_3.png,0
126631_4.png,0
126631_5.png,0
128675_1.png,0
128675_2.png,0
128675_3.png,0
128675_4.png,0
128675_5.png,0
129587_1.png,0
129587_2.png,0
129587_3.png,0
129587_4.png,0
129587_5.png,0
131273_1.png,0
131273_2.png,0
131273_3.png,0
131273_4.png,0
131273_5.png,0
131416_1.png,0
131416_2.png,0
131416_3.png,0
131416_4.png,0
131416_5.png,0
133464_1.png,0
133464_2.png,0
133464_3.png,0
133464_4.png,0
133464_5.png,0
133933_1.png,0
133933_2.png,0
133933_3.png,0
133933_4.png,0
133933_5.png,0
135410_1.png,0
135410_2.png,0
135410_3.png,0
135410_4.png,0
135410_5.png,0
136938_1.png,0
136938_2.png,0
136938_3.png,0
136938_4.png,0
136938_5.png,0
137809_1.png,0
137809_2.png,0
137809_3.png,0
137809_4.png,0
137809_5.png,0
139843_1.png,0
139843_2.png,0
139843_3.png,0
139843_4.png,0
139843_5.png,0
139856_1.png,0
139856_2.png,0
139856_3.png,0
139856_4.png,0
139856_5.png,0
142665_1.png,0
142665_2.png,0
142665_3.png,0
142665_4.png,0
142665_5.png,0
142934_1.png,0
142934_2.png,0
142934_3.png,0
142934_4.png,0
142934_5.png,0
143931_1.png,0
143931_2.png,0
143931_3.png,0
143931_4.png,0
143931_5.png,0
144874_1.png,0
144874_2.png,0
144874_3.png,0
144874_4.png,0
144874_5.png,0
146078_1.png,0
146078_2.png,0
146078_3.png,0
146078_4.png,0
146078_5.png,0
146127_1.png,0
146127_2.png,0
146127_3.png,0
146127_4.png,0
146127_5.png,0
147042_1.png,0
147042_2.png,0
147042_3.png,0
147042_4.png,0
147042_5.png,0
147236_1.png,0
147236_2.png,0
147236_3.png,0
147236_4.png,0
147236_5.png,0
147556_1.png,0
147556_2.png,0
147556_3.png,0
147556_4.png,0
147556_5.png,0
148067_1.png,0
148067_2.png,0
148067_3.png,0
148067_4.png,0
148067_5.png,0
148329_1.png,0
148329_2.png,0
148329_3.png,0
148329_4.png,0
148329_5.png,0
148910_1.png,0
148910_2.png,0
148910_3.png,0
148910_4.png,0
148910_5.png,0
149376_1.png,0
149376_2.png,0
149376_3.png,0
149376_4.png,0
149376_5.png,0
152499_1.png,0
152499_2.png,0
152499_3.png,0
152499_4.png,0
152499_5.png,0
152598_1.png,0
152598_2.png,0
152598_3.png,0
152598_4.png,0
152598_5.png,0
153520_1.png,0
153520_2.png,0
153520_3.png,0
153520_4.png,0
153520_5.png,0
154867_1.png,0
154867_2.png,0
154867_3.png,0
154867_4.png,0
154867_5.png,0
15497_1.png,0
15497_2.png,0
15497_3.png,0
15497_4.png,0
15497_5.png,0
155051_1.png,0
155051_2.png,0
155051_3.png,0
155051_4.png,0
155051_5.png,0
155131_1.png,0
155131_2.png,0
155131_3.png,0
155131_4.png,0
155131_5.png,0
15559_1.png,0
15559_2.png,0
15559_3.png,0
15559_4.png,0
15559_5.png,0
155604_1.png,0
155604_2.png,0
155604_3.png,0
155604_4.png,0
155604_5.png,0
156532_1.png,0
156532_2.png,0
156532_3.png,0
156532_4.png,0
156532_5.png,0
156846_1.png,0
156846_2.png,0
156846_3.png,0
156846_4.png,0
156846_5.png,0
157469_1.png,0
157469_2.png,0
157469_3.png,0
157469_4.png,0
157469_5.png,0
157516_1.png,0
157516_2.png,0
157516_3.png,0
157516_4.png,0
157516_5.png,0
158993_1.png,0
158993_2.png,0
158993_3.png,0
158993_4.png,0
158993_5.png,0
15953_1.png,0
15953_2.png,0
15953_3.png,0
15953_4.png,0
15953_5.png,0
160341_1.png,0
160341_2.png,0
160341_3.png,0
160341_4.png,0
160341_5.png,0
160531_1.png,0
160531_2.png,0
160531_3.png,0
160531_4.png,0
160531_5.png,0
16064_1.png,0
16064_2.png,0
16064_3.png,0
16064_4.png,0
16064_5.png,0
161586_1.png,0
161586_2.png,0
161586_3.png,0
161586_4.png,0
161586_5.png,0
161877_1.png,0
161877_2.png,0
161877_3.png,0
161877_4.png,0
161877_5.png,0
162867_1.png,0
162867_2.png,0
162867_3.png,0
162867_4.png,0
162867_5.png,0
162998_1.png,0
162998_2.png,0
162998_3.png,0
162998_4.png,0
162998_5.png,0
163112_1.png,0
163112_2.png,0
163112_3.png,0
163112_4.png,0
163112_5.png,0
163831_1.png,0
163831_2.png,0
163831_3.png,0
163831_4.png,0
163831_5.png,0
16439_1.png,0
16439_2.png,0
16439_3.png,0
16439_4.png,0
16439_5.png,0
165202_1.png,0
165202_2.png,0
165202_3.png,0
165202_4.png,0
165202_5.png,0
165937_1.png,0
165937_2.png,0
165937_3.png,0
165937_4.png,0
165937_5.png,0
16689_1.png,0
16689_2.png,0
16689_3.png,0
16689_4.png,0
16689_5.png,0
167477_1.png,0
167477_2.png,0
167477_3.png,0
167477_4.png,0
167477_5.png,0
170024_1.png,0
170024_2.png,0
170024_3.png,0
170024_4.png,0
170024_5.png,0
170116_1.png,0
170116_2.png,0
170116_3.png,0
170116_4.png,0
170116_5.png,0
170178_1.png,0
170178_2.png,0
170178_3.png,0
170178_4.png,0
170178_5.png,0
171050_1.png,0
171050_2.png,0
171050_3.png,0
171050_4.png,0
171050_5.png,0
173547_1.png,0
173547_2.png,0
173547_3.png,0
173547_4.png,0
173547_5.png,0
174258_1.png,0
174258_2.png,0
174258_3.png,0
174258_4.png,0
174258_5.png,0
17425_1.png,0
17425_2.png,0
17425_3.png,0
17425_4.png,0
17425_5.png,0
174866_1.png,0
174866_2.png,0
174866_3.png,0
174866_4.png,0
174866_5.png,0
174888_1.png,0
174888_2.png,0
174888_3.png,0
174888_4.png,0
174888_5.png,0
175052_1.png,0
175052_2.png,0
175052_3.png,0
175052_4.png,0
175052_5.png,0
176031_1.png,0
176031_2.png,0
176031_3.png,0
176031_4.png,0
176031_5.png,0
177194_1.png,0
177194_2.png,0
177194_3.png,0
177194_4.png,0
177194_5.png,0
177496_1.png,0
177496_2.png,0
177496_3.png,0
177496_4.png,0
177496_5.png,0
178516_1.png,0
178516_2.png,0
178516_3.png,0
178516_4.png,0
178516_5.png,0
17869_1.png,0
17869_2.png,0
17869_3.png,0
17869_4.png,0
17869_5.png,0
180366_1.png,0
180366_2.png,0
180366_3.png,0
180366_4.png,0
180366_5.png,0
180521_1.png,0
180521_2.png,0
180521_3.png,0
180521_4.png,0
180521_5.png,0
182179_1.png,0
182179_2.png,0
182179_3.png,0
182179_4.png,0
182179_5.png,0
182227_1.png,0
182227_2.png,0
182227_3.png,0
182227_4.png,0
182227_5.png,0
18224_1.png,0
18224_2.png,0
18224_3.png,0
18224_4.png,0
18224_5.png,0
186095_1.png,0
186095_2.png,0
186095_3.png,0
186095_4.png,0
186095_5.png,0
186165_1.png,0
186165_2.png,0
186165_3.png,0
186165_4.png,0
186165_5.png,0
186697_1.png,0
186697_2.png,0
186697_3.png,0
186697_4.png,0
186697_5.png,0
186927_1.png,0
186927_2.png,0
186927_3.png,0
186927_4.png,0
186927_5.png,0
187349_1.png,0
187349_2.png,0
187349_3.png,0
187349_4.png,0
187349_5.png,0
187495_1.png,0
187495_2.png,0
187495_3.png,0
187495_4.png,0
187495_5.png,0
187722_1.png,0
187722_2.png,0
187722_3.png,0
187722_4.png,0
187722_5.png,0
188434_1.png,0
188434_2.png,0
188434_3.png,0
188434_4.png,0
188434_5.png,0
188819_1.png,0
188819_2.png,0
188819_3.png,0
188819_4.png,0
188819_5.png,0
189376_1.png,0
189376_2.png,0
189376_3.png,0
189376_4.png,0
189376_5.png,0
190014_1.png,0
190014_2.png,0
190014_3.png,0
190014_4.png,0
190014_5.png,0
190160_1.png,0
190160_2.png,0
190160_3.png,0
190160_4.png,0
190160_5.png,0
191095_1.png,0
191095_2.png,0
191095_3.png,0
191095_4.png,0
191095_5.png,0
191301_1.png,0
191301_2.png,0
191301_3.png,0
191301_4.png,0
191301_5.png,0
191533_1.png,0
191533_2.png,0
191533_3.png,0
191533_4.png,0
191533_5.png,0
192168_1.png,0
192168_2.png,0
192168_3.png,0
192168_4.png,0
192168_5.png,0
194790_1.png,0
194790_2.png,0
194790_3.png,0
194790_4.png,0
194790_5.png,0
194885_1.png,0
194885_2.png,0
194885_3.png,0
194885_4.png,0
194885_5.png,0
196168_1.png,0
196168_2.png,0
196168_3.png,0
196168_4.png,0
196168_5.png,0
19631_1.png,0
19631_2.png,0
19631_3.png,0
19631_4.png,0
19631_5.png,0
196571_1.png,0
196571_2.png,0
196571_3.png,0
196571_4.png,0
196571_5.png,0
200143_1.png,0
200143_2.png,0
200143_3.png,0
200143_4.png,0
200143_5.png,0
200291_1.png,0
200291_2.png,0
200291_3.png,0
200291_4.png,0
200291_5.png,0
200945_1.png,0
200945_2.png,0
200945_3.png,0
200945_4.png,0
200945_5.png,0
201764_1.png,0
201764_2.png,0
201764_3.png,0
201764_4.png,0
201764_5.png,0
201993_1.png,0
201993_2.png,0
201993_3.png,0
201993_4.png,0
201993_5.png,0
203463_1.png,0
203463_2.png,0
203463_3.png,0
203463_4.png,0
203463_5.png,0
203636_1.png,0
203636_2.png,0
203636_3.png,0
203636_4.png,0
203636_5.png,0
203747_1.png,0
203747_2.png,0
203747_3.png,0
203747_4.png,0
203747_5.png,0
204609_1.png,0
204609_2.png,0
204609_3.png,0
204609_4.png,0
204609_5.png,0
204670_1.png,0
204670_2.png,0
204670_3.png,0
204670_4.png,0
204670_5.png,0
205101_1.png,0
205101_2.png,0
205101_3.png,0
205101_4.png,0
205101_5.png,0
205625_1.png,0
205625_2.png,0
205625_3.png,0
205625_4.png,0
205625_5.png,0
206027_1.png,0
206027_2.png,0
206027_3.png,0
206027_4.png,0
206027_5.png,0
206176_1.png,0
206176_2.png,0
206176_3.png,0
206176_4.png,0
206176_5.png,0
20641_1.png,0
20641_2.png,0
20641_3.png,0
20641_4.png,0
20641_5.png,0
206550_1.png,0
206550_2.png,0
206550_3.png,0
206550_4.png,0
206550_5.png,0
207548_1.png,0
207548_2.png,0
207548_3.png,0
207548_4.png,0
207548_5.png,0
207803_1.png,0
207803_2.png,0
207803_3.png,0
207803_4.png,0
207803_5.png,0
207860_1.png,0
207860_2.png,0
207860_3.png,0
207860_4.png,0
207860_5.png,0
208793_1.png,0
208793_2.png,0
208793_3.png,0
208793_4.png,0
208793_5.png,0
208825_1.png,0
208825_2.png,0
208825_3.png,0
208825_4.png,0
208825_5.png,0
208844_1.png,0
208844_2.png,0
208844_3.png,0
208844_4.png,0
208844_5.png,0
20913_1.png,0
20913_2.png,0
20913_3.png,0
20913_4.png,0
20913_5.png,0
209322_1.png,0
209322_2.png,0
209322_3.png,0
209322_4.png,0
209322_5.png,0
209773_1.png,0
209773_2.png,0
209773_3.png,0
209773_4.png,0
209773_5.png,0
210795_1.png,0
210795_2.png,0
210795_3.png,0
210795_4.png,0
210795_5.png,0
211186_1.png,0
211186_2.png,0
211186_3.png,0
211186_4.png,0
211186_5.png,0
212261_1.png,0
212261_2.png,0
212261_3.png,0
212261_4.png,0
212261_5.png,0
212346_1.png,0
212346_2.png,0
212346_3.png,0
212346_4.png,0
212346_5.png,0
213538_1.png,0
213538_2.png,0
213538_3.png,0
213538_4.png,0
213538_5.png,0
214386_1.png,0
214386_2.png,0
214386_3.png,0
214386_4.png,0
214386_5.png,0
215356_1.png,0
215356_2.png,0
215356_3.png,0
215356_4.png,0
215356_5.png,0
2154_1.png,0
2154_2.png,0
2154_3.png,0
2154_4.png,0
2154_5.png,0
215675_1.png,0
215675_2.png,0
215675_3.png,0
215675_4.png,0
215675_5.png,0
215982_1.png,0
215982_2.png,0
215982_3.png,0
215982_4.png,0
215982_5.png,0
216326_1.png,0
216326_2.png,0
216326_3.png,0
216326_4.png,0
216326_5.png,0
216785_1.png,0
216785_2.png,0
216785_3.png,0
216785_4.png,0
216785_5.png,0
217064_1.png,0
217064_2.png,0
217064_3.png,0
217064_4.png,0
217064_5.png,0
217546_1.png,0
217546_2.png,0
217546_3.png,0
217546_4.png,0
217546_5.png,0
218365_1.png,0
218365_2.png,0
218365_3.png,0
218365_4.png,0
218365_5.png,0
218494_1.png,0
218494_2.png,0
218494_3.png,0
218494_4.png,0
218494_5.png,0
219063_1.png,0
219063_2.png,0
219063_3.png,0
219063_4.png,0
219063_5.png,0
219589_1.png,0
219589_2.png,0
219589_3.png,0
219589_4.png,0
219589_5.png,0
21971_1.png,0
21971_2.png,0
21971_3.png,0
21971_4.png,0
21971_5.png,0
220025_1.png,0
220025_2.png,0
220025_3.png,0
220025_4.png,0
220025_5.png,0
221000_1.png,0
221000_2.png,0
221000_3.png,0
221000_4.png,0
221000_5.png,0
222317_1.png,0
222317_2.png,0
222317_3.png,0
222317_4.png,0
222317_5.png,0
222662_1.png,0
222662_2.png,0
222662_3.png,0
222662_4.png,0
222662_5.png,0
222828_1.png,0
222828_2.png,0
222828_3.png,0
222828_4.png,0
222828_5.png,0
228415_1.png,0
228415_2.png,0
228415_3.png,0
228415_4.png,0
228415_5.png,0
229329_1.png,0
229329_2.png,0
229329_3.png,0
229329_4.png,0
229329_5.png,0
229385_1.png,0
229385_2.png,0
229385_3.png,0
229385_4.png,0
229385_5.png,0
231644_1.png,0
231644_2.png,0
231644_3.png,0
231644_4.png,0
231644_5.png,0
232453_1.png,0
232453_2.png,0
232453_3.png,0
232453_4.png,0
232453_5.png,0
232863_1.png,0
232863_2.png,0
232863_3.png,0
232863_4.png,0
232863_5.png,0
233430_1.png,0
233430_2.png,0
233430_3.png,0
233430_4.png,0
233430_5.png,0
233560_1.png,0
233560_2.png,0
233560_3.png,0
233560_4.png,0
233560_5.png,0
23369_1.png,0
23369_2.png,0
23369_3.png,0
23369_4.png,0
23369_5.png,0
235093_1.png,0
235093_2.png,0
235093_3.png,0
235093_4.png,0
235093_5.png,0
236512_1.png,0
236512_2.png,0
236512_3.png,0
236512_4.png,0
236512_5.png,0
237780_1.png,0
237780_2.png,0
237780_3.png,0
237780_4.png,0
237780_5.png,0
238029_1.png,0
238029_2.png,0
238029_3.png,0
238029_4.png,0
238029_5.png,0
239198_1.png,0
239198_2.png,0
239198_3.png,0
239198_4.png,0
239198_5.png,0
239395_1.png,0
239395_2.png,0
239395_3.png,0
239395_4.png,0
239395_5.png,0
239837_1.png,0
239837_2.png,0
239837_3.png,0
239837_4.png,0
239837_5.png,0
240417_1.png,0
240417_2.png,0
240417_3.png,0
240417_4.png,0
240417_5.png,0
240764_1.png,0
240764_2.png,0
240764_3.png,0
240764_4.png,0
240764_5.png,0
240783_1.png,0
240783_2.png,0
240783_3.png,0
240783_4.png,0
240783_5.png,0
240811_1.png,0
240811_2.png,0
240811_3.png,0
240811_4.png,0
240811_5.png,0
24104_1.png,0
24104_2.png,0
24104_3.png,0
24104_4.png,0
24104_5.png,0
241837_1.png,0
241837_2.png,0
241837_3.png,0
241837_4.png,0
241837_5.png,0
242570_1.png,0
242570_2.png,0
242570_3.png,0
242570_4.png,0
242570_5.png,0
242868_1.png,0
242868_2.png,0
242868_3.png,0
242868_4.png,0
242868_5.png,0
243218_1.png,0
243218_2.png,0
243218_3.png,0
243218_4.png,0
243218_5.png,0
246263_1.png,0
246263_2.png,0
246263_3.png,0
246263_4.png,0
246263_5.png,0
246270_1.png,0
246270_2.png,0
246270_3.png,0
246270_4.png,0
246270_5.png,0
246883_1.png,0
246883_2.png,0
246883_3.png,0
246883_4.png,0
246883_5.png,0
247407_1.png,0
247407_2.png,0
247407_3.png,0
247407_4.png,0
247407_5.png,0
247473_1.png,0
247473_2.png,0
247473_3.png,0
247473_4.png,0
247473_5.png,0
247477_1.png,0
247477_2.png,0
247477_3.png,0
247477_4.png,0
247477_5.png,0
247536_1.png,0
247536_2.png,0
247536_3.png,0
247536_4.png,0
247536_5.png,0
250951_1.png,0
250951_2.png,0
250951_3.png,0
250951_4.png,0
250951_5.png,0
250993_1.png,0
250993_2.png,0
250993_3.png,0
250993_4.png,0
250993_5.png,0
253433_1.png,0
253433_2.png,0
253433_3.png,0
253433_4.png,0
253433_5.png,0
254119_1.png,0
254119_2.png,0
254119_3.png,0
254119_4.png,0
254119_5.png,0
255718_1.png,0
255718_2.png,0
255718_3.png,0
255718_4.png,0
255718_5.png,0
257557_1.png,0
257557_2.png,0
257557_3.png,0
257557_4.png,0
257557_5.png,0
258019_1.png,0
258019_2.png,0
258019_3.png,0
258019_4.png,0
258019_5.png,0
258112_1.png,0
258112_2.png,0
258112_3.png,0
258112_4.png,0
258112_5.png,0
258382_1.png,0
258382_2.png,0
258382_3.png,0
258382_4.png,0
258382_5.png,0
261360_1.png,0
261360_2.png,0
261360_3.png,0
261360_4.png,0
261360_5.png,0
261461_1.png,0
261461_2.png,0
261461_3.png,0
261461_4.png,0
261461_5.png,0
261757_1.png,0
261757_2.png,0
261757_3.png,0
261757_4.png,0
261757_5.png,0
262284_1.png,0
262284_2.png,0
262284_3.png,0
262284_4.png,0
262284_5.png,0
262404_1.png,0
262404_2.png,0
262404_3.png,0
262404_4.png,0
262404_5.png,0
262487_1.png,0
262487_2.png,0
262487_3.png,0
262487_4.png,0
262487_5.png,0
262631_1.png,0
262631_2.png,0
262631_3.png,0
262631_4.png,0
262631_5.png,0
264568_1.png,0
264568_2.png,0
264568_3.png,0
264568_4.png,0
264568_5.png,0
265879_1.png,0
265879_2.png,0
265879_3.png,0
265879_4.png,0
265879_5.png,0
266434_1.png,0
266434_2.png,0
266434_3.png,0
266434_4.png,0
266434_5.png,0
267932_1.png,0
267932_2.png,0
267932_3.png,0
267932_4.png,0
267932_5.png,0
268215_1.png,0
268215_2.png,0
268215_3.png,0
268215_4.png,0
268215_5.png,0
268340_1.png,0
268340_2.png,0
268340_3.png,0
268340_4.png,0
268340_5.png,0
2684_1.png,0
2684_2.png,0
2684_3.png,0
2684_4.png,0
2684_5.png,0
268938_1.png,0
268938_2.png,0
268938_3.png,0
268938_4.png,0
268938_5.png,0
269017_1.png,0
269017_2.png,0
269017_3.png,0
269017_4.png,0
269017_5.png,0
270001_1.png,0
270001_2.png,0
270001_3.png,0
270001_4.png,0
270001_5.png,0
270544_1.png,0
270544_2.png,0
270544_3.png,0
270544_4.png,0
270544_5.png,0
271643_1.png,0
271643_2.png,0
271643_3.png,0
271643_4.png,0
271643_5.png,0
271780_1.png,0
271780_2.png,0
271780_3.png,0
271780_4.png,0
271780_5.png,0
271820_1.png,0
271820_2.png,0
271820_3.png,0
271820_4.png,0
271820_5.png,0
272357_1.png,0
272357_2.png,0
272357_3.png,0
272357_4.png,0
272357_5.png,0
272615_1.png,0
272615_2.png,0
272615_3.png,0
272615_4.png,0
272615_5.png,0
274438_1.png,0
274438_2.png,0
274438_3.png,0
274438_4.png,0
274438_5.png,0
274629_1.png,0
274629_2.png,0
274629_3.png,0
274629_4.png,0
274629_5.png,0
274779_1.png,0
274779_2.png,0
274779_3.png,0
274779_4.png,0
274779_5.png,0
276707_1.png,0
276707_2.png,0
276707_3.png,0
276707_4.png,0
276707_5.png,0
276720_1.png,0
276720_2.png,0
276720_3.png,0
276720_4.png,0
276720_5.png,0
279491_1.png,0
279491_2.png,0
279491_3.png,0
279491_4.png,0
279491_5.png,0
281056_1.png,0
281056_2.png,0
281056_3.png,0
281056_4.png,0
281056_5.png,0
283012_1.png,0
283012_2.png,0
283012_3.png,0
283012_4.png,0
283012_5.png,0
283471_1.png,0
283471_2.png,0
283471_3.png,0
283471_4.png,0
283471_5.png,0
283977_1.png,0
283977_2.png,0
283977_3.png,0
283977_4.png,0
283977_5.png,0
284641_1.png,0
284641_2.png,0
284641_3.png,0
284641_4.png,0
284641_5.png,0
285534_1.png,0
285534_2.png,0
285534_3.png,0
285534_4.png,0
285534_5.png,0
285820_1.png,0
285820_2.png,0
285820_3.png,0
285820_4.png,0
285820_5.png,0
286544_1.png,0
286544_2.png,0
286544_3.png,0
286544_4.png,0
286544_5.png,0
287443_1.png,0
287443_2.png,0
287443_3.png,0
287443_4.png,0
287443_5.png,0
288933_1.png,0
288933_2.png,0
288933_3.png,0
288933_4.png,0
288933_5.png,0
288955_1.png,0
288955_2.png,0
288955_3.png,0
288955_4.png,0
288955_5.png,0
289222_1.png,0
289222_2.png,0
289222_3.png,0
289222_4.png,0
289222_5.png,0
289512_1.png,0
289512_2.png,0
289512_3.png,0
289512_4.png,0
289512_5.png,0
289813_1.png,0
289813_2.png,0
289813_3.png,0
289813_4.png,0
289813_5.png,0
289960_1.png,0
289960_2.png,0
289960_3.png,0
289960_4.png,0
289960_5.png,0
290130_1.png,0
290130_2.png,0
290130_3.png,0
290130_4.png,0
290130_5.png,0
290248_1.png,0
290248_2.png,0
290248_3.png,0
290248_4.png,0
290248_5.png,0
290619_1.png,0
290619_2.png,0
290619_3.png,0
290619_4.png,0
290619_5.png,0
291257_1.png,0
291257_2.png,0
291257_3.png,0
291257_4.png,0
291257_5.png,0
291990_1.png,0
291990_2.png,0
291990_3.png,0
291990_4.png,0
291990_5.png,0
292663_1.png,0
292663_2.png,0
292663_3.png,0
292663_4.png,0
292663_5.png,0
293245_1.png,0
293245_2.png,0
293245_3.png,0
293245_4.png,0
293245_5.png,0
293782_1.png,0
293782_2.png,0
293782_3.png,0
293782_4.png,0
293782_5.png,0
293789_1.png,0
293789_2.png,0
293789_3.png,0
293789_4.png,0
293789_5.png,0
294541_1.png,0
294541_2.png,0
294541_3.png,0
294541_4.png,0
294541_5.png,0
29558_1.png,0
29558_2.png,0
29558_3.png,0
29558_4.png,0
29558_5.png,0
296032_1.png,0
296032_2.png,0
296032_3.png,0
296032_4.png,0
296032_5.png,0
296098_1.png,0
296098_2.png,0
296098_3.png,0
296098_4.png,0
296098_5.png,0
296604_1.png,0
296604_2.png,0
296604_3.png,0
296604_4.png,0
296604_5.png,0
298252_1.png,0
298252_2.png,0
298252_3.png,0
298252_4.png,0
298252_5.png,0
298697_1.png,0
298697_2.png,0
298697_3.png,0
298697_4.png,0
298697_5.png,0
298784_1.png,0
298784_2.png,0
298784_3.png,0
298784_4.png,0
298784_5.png,0
299970_1.png,0
299970_2.png,0
299970_3.png,0
299970_4.png,0
299970_5.png,0
300090_1.png,0
300090_2.png,0
300090_3.png,0
300090_4.png,0
300090_5.png,0
303056_1.png,0
303056_2.png,0
303056_3.png,0
303056_4.png,0
303056_5.png,0
303922_1.png,0
303922_2.png,0
303922_3.png,0
303922_4.png,0
303922_5.png,0
30407_1.png,0
30407_2.png,0
30407_3.png,0
30407_4.png,0
30407_5.png,0
305472_1.png,0
305472_2.png,0
305472_3.png,0
305472_4.png,0
305472_5.png,0
305639_1.png,0
305639_2.png,0
305639_3.png,0
305639_4.png,0
305639_5.png,0
307323_1.png,0
307323_2.png,0
307323_3.png,0
307323_4.png,0
307323_5.png,0
308730_1.png,0
308730_2.png,0
308730_3.png,0
308730_4.png,0
308730_5.png,0
31000_1.png,0
31000_2.png,0
31000_3.png,0
31000_4.png,0
31000_5.png,0
313034_1.png,0
313034_2.png,0
313034_3.png,0
313034_4.png,0
313034_5.png,0
314649_1.png,0
314649_2.png,0
314649_3.png,0
314649_4.png,0
314649_5.png,0
314757_1.png,0
314757_2.png,0
314757_3.png,0
314757_4.png,0
314757_5.png,0
315178_1.png,0
315178_2.png,0
315178_3.png,0
315178_4.png,0
315178_5.png,0
315810_1.png,0
315810_2.png,0
315810_3.png,0
315810_4.png,0
315810_5.png,0
317087_1.png,0
317087_2.png,0
317087_3.png,0
317087_4.png,0
317087_5.png,0
317130_1.png,0
317130_2.png,0
317130_3.png,0
317130_4.png,0
317130_5.png,0
317622_1.png,0
317622_2.png,0
317622_3.png,0
317622_4.png,0
317622_5.png,0
318524_1.png,0
318524_2.png,0
318524_3.png,0
318524_4.png,0
318524_5.png,0
319283_1.png,0
319283_2.png,0
319283_3.png,0
319283_4.png,0
319283_5.png,0
319721_1.png,0
319721_2.png,0
319721_3.png,0
319721_4.png,0
319721_5.png,0
319743_1.png,0
319743_2.png,0
319743_3.png,0
319743_4.png,0
319743_5.png,0
322164_1.png,0
322164_2.png,0
322164_3.png,0
322164_4.png,0
322164_5.png,0
322987_1.png,0
322987_2.png,0
322987_3.png,0
322987_4.png,0
322987_5.png,0
325838_1.png,0
325838_2.png,0
325838_3.png,0
325838_4.png,0
325838_5.png,0
326367_1.png,0
326367_2.png,0
326367_3.png,0
326367_4.png,0
326367_5.png,0
326564_1.png,0
326564_2.png,0
326564_3.png,0
326564_4.png,0
326564_5.png,0
326970_1.png,0
326970_2.png,0
326970_3.png,0
326970_4.png,0
326970_5.png,0
32708_1.png,0
32708_2.png,0
32708_3.png,0
32708_4.png,0
32708_5.png,0
328797_1.png,0
328797_2.png,0
328797_3.png,0
328797_4.png,0
328797_5.png,0
328838_1.png,0
328838_2.png,0
328838_3.png,0
328838_4.png,0
328838_5.png,0
328957_1.png,0
328957_2.png,0
328957_3.png,0
328957_4.png,0
328957_5.png,0
330410_1.png,0
330410_2.png,0
330410_3.png,0
330410_4.png,0
330410_5.png,0
331529_1.png,0
331529_2.png,0
331529_3.png,0
331529_4.png,0
331529_5.png,0
332987_1.png,0
332987_2.png,0
332987_3.png,0
332987_4.png,0
332987_5.png,0
334148_1.png,0
334148_2.png,0
334148_3.png,0
334148_4.png,0
334148_5.png,0
334399_1.png,0
334399_2.png,0
334399_3.png,0
334399_4.png,0
334399_5.png,0
337690_1.png,0
337690_2.png,0
337690_3.png,0
337690_4.png,0
337690_5.png,0
338159_1.png,0
338159_2.png,0
338159_3.png,0
338159_4.png,0
338159_5.png,0
339588_1.png,0
339588_2.png,0
339588_3.png,0
339588_4.png,0
339588_5.png,0
339986_1.png,0
339986_2.png,0
339986_3.png,0
339986_4.png,0
339986_5.png,0
340398_1.png,0
340398_2.png,0
340398_3.png,0
340398_4.png,0
340398_5.png,0
343453_1.png,0
343453_2.png,0
343453_3.png,0
343453_4.png,0
343453_5.png,0
343680_1.png,0
343680_2.png,0
343680_3.png,0
343680_4.png,0
343680_5.png,0
344762_1.png,0
344762_2.png,0
344762_3.png,0
344762_4.png,0
344762_5.png,0
344878_1.png,0
344878_2.png,0
344878_3.png,0
344878_4.png,0
344878_5.png,0
347568_1.png,0
347568_2.png,0
347568_3.png,0
347568_4.png,0
347568_5.png,0
347747_1.png,0
347747_2.png,0
347747_3.png,0
347747_4.png,0
347747_5.png,0
347965_1.png,0
347965_2.png,0
347965_3.png,0
347965_4.png,0
347965_5.png,0
348730_1.png,0
348730_2.png,0
348730_3.png,0
348730_4.png,0
348730_5.png,0
348838_1.png,0
348838_2.png,0
348838_3.png,0
348838_4.png,0
348838_5.png,0
351715_1.png,0
351715_2.png,0
351715_3.png,0
351715_4.png,0
351715_5.png,0
354491_1.png,0
354491_2.png,0
354491_3.png,0
354491_4.png,0
354491_5.png,0
355040_1.png,0
355040_2.png,0
355040_3.png,0
355040_4.png,0
355040_5.png,0
355513_1.png,0
355513_2.png,0
355513_3.png,0
355513_4.png,0
355513_5.png,0
357498_1.png,0
357498_2.png,0
357498_3.png,0
357498_4.png,0
357498_5.png,0
359128_1.png,0
359128_2.png,0
359128_3.png,0
359128_4.png,0
359128_5.png,0
359432_1.png,0
359432_2.png,0
359432_3.png,0
359432_4.png,0
359432_5.png,0
361073_1.png,0
361073_2.png,0
361073_3.png,0
361073_4.png,0
361073_5.png,0
361551_1.png,0
361551_2.png,0
361551_3.png,0
361551_4.png,0
361551_5.png,0
361750_1.png,0
361750_2.png,0
361750_3.png,0
361750_4.png,0
361750_5.png,0
36478_1.png,0
36478_2.png,0
36478_3.png,0
36478_4.png,0
36478_5.png,0
366615_1.png,0
366615_2.png,0
366615_3.png,0
366615_4.png,0
366615_5.png,0
367468_1.png,0
367468_2.png,0
367468_3.png,0
367468_4.png,0
367468_5.png,0
367578_1.png,0
367578_2.png,0
367578_3.png,0
367578_4.png,0
367578_5.png,0
368671_1.png,0
368671_2.png,0
368671_3.png,0
368671_4.png,0
368671_5.png,0
369461_1.png,0
369461_2.png,0
369461_3.png,0
369461_4.png,0
369461_5.png,0
370697_1.png,0
370697_2.png,0
370697_3.png,0
370697_4.png,0
370697_5.png,0
371151_1.png,0
371151_2.png,0
371151_3.png,0
371151_4.png,0
371151_5.png,0
371472_1.png,0
371472_2.png,0
371472_3.png,0
371472_4.png,0
371472_5.png,0
371694_1.png,0
371694_2.png,0
371694_3.png,0
371694_4.png,0
371694_5.png,0
371699_1.png,0
371699_2.png,0
371699_3.png,0
371699_4.png,0
371699_5.png,0
371890_1.png,0
371890_2.png,0
371890_3.png,0
371890_4.png,0
371890_5.png,0
372577_1.png,0
372577_2.png,0
372577_3.png,0
372577_4.png,0
372577_5.png,0
372979_1.png,0
372979_2.png,0
372979_3.png,0
372979_4.png,0
372979_5.png,0
373060_1.png,0
373060_2.png,0
373060_3.png,0
373060_4.png,0
373060_5.png,0
373789_1.png,0
373789_2.png,0
373789_3.png,0
373789_4.png,0
373789_5.png,0
374669_1.png,0
374669_2.png,0
374669_3.png,0
374669_4.png,0
374669_5.png,0
375211_1.png,0
375211_2.png,0
375211_3.png,0
375211_4.png,0
375211_5.png,0
375509_1.png,0
375509_2.png,0
375509_3.png,0
375509_4.png,0
375509_5.png,0
378894_1.png,0
378894_2.png,0
378894_3.png,0
378894_4.png,0
378894_5.png,0
379605_1.png,0
379605_2.png,0
379605_3.png,0
379605_4.png,0
379605_5.png,0
380734_1.png,0
380734_2.png,0
380734_3.png,0
380734_4.png,0
380734_5.png,0
38073_1.png,0
38073_2.png,0
38073_3.png,0
38073_4.png,0
38073_5.png,0
383448_1.png,0
383448_2.png,0
383448_3.png,0
383448_4.png,0
383448_5.png,0
383921_1.png,0
383921_2.png,0
383921_3.png,0
383921_4.png,0
383921_5.png,0
384931_1.png,0
384931_2.png,0
384931_3.png,0
384931_4.png,0
384931_5.png,0
384995_1.png,0
384995_2.png,0
384995_3.png,0
384995_4.png,0
384995_5.png,0
386370_1.png,0
386370_2.png,0
386370_3.png,0
386370_4.png,0
386370_5.png,0
387173_1.png,0
387173_2.png,0
387173_3.png,0
387173_4.png,0
387173_5.png,0
387429_1.png,0
387429_2.png,0
387429_3.png,0
387429_4.png,0
387429_5.png,0
38775_1.png,0
38775_2.png,0
38775_3.png,0
38775_4.png,0
38775_5.png,0
388042_1.png,0
388042_2.png,0
388042_3.png,0
388042_4.png,0
388042_5.png,0
388225_1.png,0
388225_2.png,0
388225_3.png,0
388225_4.png,0
388225_5.png,0
389812_1.png,0
389812_2.png,0
389812_3.png,0
389812_4.png,0
389812_5.png,0
390760_1.png,0
390760_2.png,0
390760_3.png,0
390760_4.png,0
390760_5.png,0
391940_1.png,0
391940_2.png,0
391940_3.png,0
391940_4.png,0
391940_5.png,0
392764_1.png,0
392764_2.png,0
392764_3.png,0
392764_4.png,0
392764_5.png,0
393674_1.png,0
393674_2.png,0
393674_3.png,0
393674_4.png,0
393674_5.png,0
394033_1.png,0
394033_2.png,0
394033_3.png,0
394033_4.png,0
394033_5.png,0
395290_1.png,0
395290_2.png,0
395290_3.png,0
395290_4.png,0
395290_5.png,0
395388_1.png,0
395388_2.png,0
395388_3.png,0
395388_4.png,0
395388_5.png,0
396779_1.png,0
396779_2.png,0
396779_3.png,0
396779_4.png,0
396779_5.png,0
397274_1.png,0
397274_2.png,0
397274_3.png,0
397274_4.png,0
397274_5.png,0
397287_1.png,0
397287_2.png,0
397287_3.png,0
397287_4.png,0
397287_5.png,0
400507_1.png,0
400507_2.png,0
400507_3.png,0
400507_4.png,0
400507_5.png,0
400567_1.png,0
400567_2.png,0
400567_3.png,0
400567_4.png,0
400567_5.png,0
402077_1.png,0
402077_2.png,0
402077_3.png,0
402077_4.png,0
402077_5.png,0
404349_1.png,0
404349_2.png,0
404349_3.png,0
404349_4.png,0
404349_5.png,0
404635_1.png,0
404635_2.png,0
404635_3.png,0
404635_4.png,0
404635_5.png,0
404886_1.png,0
404886_2.png,0
404886_3.png,0
404886_4.png,0
404886_5.png,0
405195_1.png,0
405195_2.png,0
405195_3.png,0
405195_4.png,0
405195_5.png,0
405675_1.png,0
405675_2.png,0
405675_3.png,0
405675_4.png,0
405675_5.png,0
406899_1.png,0
406899_2.png,0
406899_3.png,0
406899_4.png,0
406899_5.png,0
407002_1.png,0
407002_2.png,0
407002_3.png,0
407002_4.png,0
407002_5.png,0
408746_1.png,0
408746_2.png,0
408746_3.png,0
408746_4.png,0
408746_5.png,0
409100_1.png,0
409100_2.png,0
409100_3.png,0
409100_4.png,0
409100_5.png,0
412440_1.png,0
412440_2.png,0
412440_3.png,0
412440_4.png,0
412440_5.png,0
41247_1.png,0
41247_2.png,0
41247_3.png,0
41247_4.png,0
41247_5.png,0
413634_1.png,0
413634_2.png,0
413634_3.png,0
413634_4.png,0
413634_5.png,0
413839_1.png,0
413839_2.png,0
413839_3.png,0
413839_4.png,0
413839_5.png,0
414156_1.png,0
414156_2.png,0
414156_3.png,0
414156_4.png,0
414156_5.png,0
415727_1.png,0
415727_2.png,0
415727_3.png,0
415727_4.png,0
415727_5.png,0
416758_1.png,0
416758_2.png,0
416758_3.png,0
416758_4.png,0
416758_5.png,0
416931_1.png,0
416931_2.png,0
416931_3.png,0
416931_4.png,0
416931_5.png,0
417284_1.png,0
417284_2.png,0
417284_3.png,0
417284_4.png,0
417284_5.png,0
418523_1.png,0
418523_2.png,0
418523_3.png,0
418523_4.png,0
418523_5.png,0
418680_1.png,0
418680_2.png,0
418680_3.png,0
418680_4.png,0
418680_5.png,0
419089_1.png,0
419089_2.png,0
419089_3.png,0
419089_4.png,0
419089_5.png,0
41998_1.png,0
41998_2.png,0
41998_3.png,0
41998_4.png,0
41998_5.png,0
420281_1.png,0
420281_2.png,0
420281_3.png,0
420281_4.png,0
420281_5.png,0
420389_1.png,0
420389_2.png,0
420389_3.png,0
420389_4.png,0
420389_5.png,0
421188_1.png,0
421188_2.png,0
421188_3.png,0
421188_4.png,0
421188_5.png,0
422240_1.png,0
422240_2.png,0
422240_3.png,0
422240_4.png,0
422240_5.png,0
422350_1.png,0
422350_2.png,0
422350_3.png,0
422350_4.png,0
422350_5.png,0
422783_1.png,0
422783_2.png,0
422783_3.png,0
422783_4.png,0
422783_5.png,0
423498_1.png,0
423498_2.png,0
423498_3.png,0
423498_4.png,0
423498_5.png,0
423951_1.png,0
423951_2.png,0
423951_3.png,0
423951_4.png,0
423951_5.png,0
427341_1.png,0
427341_2.png,0
427341_3.png,0
427341_4.png,0
427341_5.png,0
427386_1.png,0
427386_2.png,0
427386_3.png,0
427386_4.png,0
427386_5.png,0
428278_1.png,0
428278_2.png,0
428278_3.png,0
428278_4.png,0
428278_5.png,0
428366_1.png,0
428366_2.png,0
428366_3.png,0
428366_4.png,0
428366_5.png,0
428712_1.png,0
428712_2.png,0
428712_3.png,0
428712_4.png,0
428712_5.png,0
428975_1.png,0
428975_2.png,0
428975_3.png,0
428975_4.png,0
428975_5.png,0
42956_1.png,0
42956_2.png,0
42956_3.png,0
42956_4.png,0
42956_5.png,0
429996_1.png,0
429996_2.png,0
429996_3.png,0
429996_4.png,0
429996_5.png,0
430073_1.png,0
430073_2.png,0
430073_3.png,0
430073_4.png,0
430073_5.png,0
431923_1.png,0
431923_2.png,0
431923_3.png,0
431923_4.png,0
431923_5.png,0
432414_1.png,0
432414_2.png,0
432414_3.png,0
432414_4.png,0
432414_5.png,0
432623_1.png,0
432623_2.png,0
432623_3.png,0
432623_4.png,0
432623_5.png,0
433515_1.png,0
433515_2.png,0
433515_3.png,0
433515_4.png,0
433515_5.png,0
434806_1.png,0
434806_2.png,0
434806_3.png,0
434806_4.png,0
434806_5.png,0
43494_1.png,0
43494_2.png,0
43494_3.png,0
43494_4.png,0
43494_5.png,0
435012_1.png,0
435012_2.png,0
435012_3.png,0
435012_4.png,0
435012_5.png,0
435321_1.png,0
435321_2.png,0
435321_3.png,0
435321_4.png,0
435321_5.png,0
43712_1.png,0
43712_2.png,0
43712_3.png,0
43712_4.png,0
43712_5.png,0
438495_1.png,0
438495_2.png,0
438495_3.png,0
438495_4.png,0
438495_5.png,0
44136_1.png,0
44136_2.png,0
44136_3.png,0
44136_4.png,0
44136_5.png,0
441541_1.png,0
441541_2.png,0
441541_3.png,0
441541_4.png,0
441541_5.png,0
441614_1.png,0
441614_2.png,0
441614_3.png,0
441614_4.png,0
441614_5.png,0
44171_1.png,0
44171_2.png,0
44171_3.png,0
44171_4.png,0
44171_5.png,0
442040_1.png,0
442040_2.png,0
442040_3.png,0
442040_4.png,0
442040_5.png,0
442128_1.png,0
442128_2.png,0
442128_3.png,0
442128_4.png,0
442128_5.png,0
443313_1.png,0
443313_2.png,0
443313_3.png,0
443313_4.png,0
443313_5.png,0
44347_1.png,0
44347_2.png,0
44347_3.png,0
44347_4.png,0
44347_5.png,0
44494_1.png,0
44494_2.png,0
44494_3.png,0
44494_4.png,0
44494_5.png,0
445594_1.png,0
445594_2.png,0
445594_3.png,0
445594_4.png,0
445594_5.png,0
446894_1.png,0
446894_2.png,0
446894_3.png,0
446894_4.png,0
446894_5.png,0
448765_1.png,0
448765_2.png,0
448765_3.png,0
448765_4.png,0
448765_5.png,0
448897_1.png,0
448897_2.png,0
448897_3.png,0
448897_4.png,0
448897_5.png,0
449038_1.png,0
449038_2.png,0
449038_3.png,0
449038_4.png,0
449038_5.png,0
450263_1.png,0
450263_2.png,0
450263_3.png,0
450263_4.png,0
450263_5.png,0
450790_1.png,0
450790_2.png,0
450790_3.png,0
450790_4.png,0
450790_5.png,0
451144_1.png,0
451144_2.png,0
451144_3.png,0
451144_4.png,0
451144_5.png,0
451155_1.png,0
451155_2.png,0
451155_3.png,0
451155_4.png,0
451155_5.png,0
451623_1.png,0
451623_2.png,0
451623_3.png,0
451623_4.png,0
451623_5.png,0
45550_1.png,0
45550_2.png,0
45550_3.png,0
45550_4.png,0
45550_5.png,0
455937_1.png,0
455937_2.png,0
455937_3.png,0
455937_4.png,0
455937_5.png,0
455975_1.png,0
455975_2.png,0
455975_3.png,0
455975_4.png,0
455975_5.png,0
456012_1.png,0
456012_2.png,0
456012_3.png,0
456012_4.png,0
456012_5.png,0
456046_1.png,0
456046_2.png,0
456046_3.png,0
456046_4.png,0
456046_5.png,0
456127_1.png,0
456127_2.png,0
456127_3.png,0
456127_4.png,0
456127_5.png,0
456730_1.png,0
456730_2.png,0
456730_3.png,0
456730_4.png,0
456730_5.png,0
456732_1.png,0
456732_2.png,0
456732_3.png,0
456732_4.png,0
456732_5.png,0
459136_1.png,0
459136_2.png,0
459136_3.png,0
459136_4.png,0
459136_5.png,0
460266_1.png,0
460266_2.png,0
460266_3.png,0
460266_4.png,0
460266_5.png,0
462904_1.png,0
462904_2.png,0
462904_3.png,0
462904_4.png,0
462904_5.png,0
463498_1.png,0
463498_2.png,0
463498_3.png,0
463498_4.png,0
463498_5.png,0
464092_1.png,0
464092_2.png,0
464092_3.png,0
464092_4.png,0
464092_5.png,0
465267_1.png,0
465267_2.png,0
465267_3.png,0
465267_4.png,0
465267_5.png,0
466211_1.png,0
466211_2.png,0
466211_3.png,0
466211_4.png,0
466211_5.png,0
466565_1.png,0
466565_2.png,0
466565_3.png,0
466565_4.png,0
466565_5.png,0
466570_1.png,0
466570_2.png,0
466570_3.png,0
466570_4.png,0
466570_5.png,0
467848_1.png,0
467848_2.png,0
467848_3.png,0
467848_4.png,0
467848_5.png,0
468043_1.png,0
468043_2.png,0
468043_3.png,0
468043_4.png,0
468043_5.png,0
468121_1.png,0
468121_2.png,0
468121_3.png,0
468121_4.png,0
468121_5.png,0
468925_1.png,0
468925_2.png,0
468925_3.png,0
468925_4.png,0
468925_5.png,0
469192_1.png,0
469192_2.png,0
469192_3.png,0
469192_4.png,0
469192_5.png,0
469300_1.png,0
469300_2.png,0
469300_3.png,0
469300_4.png,0
469300_5.png,0
469828_1.png,0
469828_2.png,0
469828_3.png,0
469828_4.png,0
469828_5.png,0
469857_1.png,0
469857_2.png,0
469857_3.png,0
469857_4.png,0
469857_5.png,0
470121_1.png,0
470121_2.png,0
470121_3.png,0
470121_4.png,0
470121_5.png,0
470366_1.png,0
470366_2.png,0
470366_3.png,0
470366_4.png,0
470366_5.png,0
470423_1.png,0
470423_2.png,0
470423_3.png,0
470423_4.png,0
470423_5.png,0
472030_1.png,0
472030_2.png,0
472030_3.png,0
472030_4.png,0
472030_5.png,0
474464_1.png,0
474464_2.png,0
474464_3.png,0
474464_4.png,0
474464_5.png,0
474499_1.png,0
474499_2.png,0
474499_3.png,0
474499_4.png,0
474499_5.png,0
475990_1.png,0
475990_2.png,0
475990_3.png,0
475990_4.png,0
475990_5.png,0
476910_1.png,0
476910_2.png,0
476910_3.png,0
476910_4.png,0
476910_5.png,0
478312_1.png,0
478312_2.png,0
478312_3.png,0
478312_4.png,0
478312_5.png,0
478420_1.png,0
478420_2.png,0
478420_3.png,0
478420_4.png,0
478420_5.png,0
479176_1.png,0
479176_2.png,0
479176_3.png,0
479176_4.png,0
479176_5.png,0
482297_1.png,0
482297_2.png,0
482297_3.png,0
482297_4.png,0
482297_5.png,0
484531_1.png,0
484531_2.png,0
484531_3.png,0
484531_4.png,0
484531_5.png,0
486171_1.png,0
486171_2.png,0
486171_3.png,0
486171_4.png,0
486171_5.png,0
486369_1.png,0
486369_2.png,0
486369_3.png,0
486369_4.png,0
486369_5.png,0
486770_1.png,0
486770_2.png,0
486770_3.png,0
486770_4.png,0
486770_5.png,0
488201_1.png,0
488201_2.png,0
488201_3.png,0
488201_4.png,0
488201_5.png,0
489304_1.png,0
489304_2.png,0
489304_3.png,0
489304_4.png,0
489304_5.png,0
489873_1.png,0
489873_2.png,0
489873_3.png,0
489873_4.png,0
489873_5.png,0
490470_1.png,0
490470_2.png,0
490470_3.png,0
490470_4.png,0
490470_5.png,0
493295_1.png,0
493295_2.png,0
493295_3.png,0
493295_4.png,0
493295_5.png,0
495146_1.png,0
495146_2.png,0
495146_3.png,0
495146_4.png,0
495146_5.png,0
496252_1.png,0
496252_2.png,0
496252_3.png,0
496252_4.png,0
496252_5.png,0
496597_1.png,0
496597_2.png,0
496597_3.png,0
496597_4.png,0
496597_5.png,0
497388_1.png,0
497388_2.png,0
497388_3.png,0
497388_4.png,0
497388_5.png,0
497593_1.png,0
497593_2.png,0
497593_3.png,0
497593_4.png,0
497593_5.png,0
500432_1.png,0
500432_2.png,0
500432_3.png,0
500432_4.png,0
500432_5.png,0
501762_1.png,0
501762_2.png,0
501762_3.png,0
501762_4.png,0
501762_5.png,0
503108_1.png,0
503108_2.png,0
503108_3.png,0
503108_4.png,0
503108_5.png,0
503202_1.png,0
503202_2.png,0
503202_3.png,0
503202_4.png,0
503202_5.png,0
503418_1.png,0
503418_2.png,0
503418_3.png,0
503418_4.png,0
503418_5.png,0
50350_1.png,0
50350_2.png,0
50350_3.png,0
50350_4.png,0
50350_5.png,0
504621_1.png,0
504621_2.png,0
504621_3.png,0
504621_4.png,0
504621_5.png,0
505043_1.png,0
505043_2.png,0
505043_3.png,0
505043_4.png,0
505043_5.png,0
506454_1.png,0
506454_2.png,0
506454_3.png,0
506454_4.png,0
506454_5.png,0
506471_1.png,0
506471_2.png,0
506471_3.png,0
506471_4.png,0
506471_5.png,0
507301_1.png,0
507301_2.png,0
507301_3.png,0
507301_4.png,0
507301_5.png,0
508656_1.png,0
508656_2.png,0
508656_3.png,0
508656_4.png,0
508656_5.png,0
508872_1.png,0
508872_2.png,0
508872_3.png,0
508872_4.png,0
508872_5.png,0
509416_1.png,0
509416_2.png,0
509416_3.png,0
509416_4.png,0
509416_5.png,0
510230_1.png,0
510230_2.png,0
510230_3.png,0
510230_4.png,0
510230_5.png,0
511050_1.png,0
511050_2.png,0
511050_3.png,0
511050_4.png,0
511050_5.png,0
513507_1.png,0
513507_2.png,0
513507_3.png,0
513507_4.png,0
513507_5.png,0
515247_1.png,0
515247_2.png,0
515247_3.png,0
515247_4.png,0
515247_5.png,0
515445_1.png,0
515445_2.png,0
515445_3.png,0
515445_4.png,0
515445_5.png,0
516677_1.png,0
516677_2.png,0
516677_3.png,0
516677_4.png,0
516677_5.png,0
516827_1.png,0
516827_2.png,0
516827_3.png,0
516827_4.png,0
516827_5.png,0
516916_1.png,0
516916_2.png,0
516916_3.png,0
516916_4.png,0
516916_5.png,0
51702_1.png,0
51702_2.png,0
51702_3.png,0
51702_4.png,0
51702_5.png,0
517081_1.png,0
517081_2.png,0
517081_3.png,0
517081_4.png,0
517081_5.png,0
519271_1.png,0
519271_2.png,0
519271_3.png,0
519271_4.png,0
519271_5.png,0
519649_1.png,0
519649_2.png,0
519649_3.png,0
519649_4.png,0
519649_5.png,0
520324_1.png,0
520324_2.png,0
520324_3.png,0
520324_4.png,0
520324_5.png,0
522262_1.png,0
522262_2.png,0
522262_3.png,0
522262_4.png,0
522262_5.png,0
523096_1.png,0
523096_2.png,0
523096_3.png,0
523096_4.png,0
523096_5.png,0
523315_1.png,0
523315_2.png,0
523315_3.png,0
523315_4.png,0
523315_5.png,0
523373_1.png,0
523373_2.png,0
523373_3.png,0
523373_4.png,0
523373_5.png,0
526028_1.png,0
526028_2.png,0
526028_3.png,0
526028_4.png,0
526028_5.png,0
526342_1.png,0
526342_2.png,0
526342_3.png,0
526342_4.png,0
526342_5.png,0
528984_1.png,0
528984_2.png,0
528984_3.png,0
528984_4.png,0
528984_5.png,0
529105_1.png,0
529105_2.png,0
529105_3.png,0
529105_4.png,0
529105_5.png,0
52936_1.png,0
52936_2.png,0
52936_3.png,0
52936_4.png,0
52936_5.png,0
529939_1.png,0
529939_2.png,0
529939_3.png,0
529939_4.png,0
529939_5.png,0
531707_1.png,0
531707_2.png,0
531707_3.png,0
531707_4.png,0
531707_5.png,0
532164_1.png,0
532164_2.png,0
532164_3.png,0
532164_4.png,0
532164_5.png,0
532759_1.png,0
532759_2.png,0
532759_3.png,0
532759_4.png,0
532759_5.png,0
533976_1.png,0
533976_2.png,0
533976_3.png,0
533976_4.png,0
533976_5.png,0
535889_1.png,0
535889_2.png,0
535889_3.png,0
535889_4.png,0
535889_5.png,0
535934_1.png,0
535934_2.png,0
535934_3.png,0
535934_4.png,0
535934_5.png,0
537631_1.png,0
537631_2.png,0
537631_3.png,0
537631_4.png,0
537631_5.png,0
538741_1.png,0
538741_2.png,0
538741_3.png,0
538741_4.png,0
538741_5.png,0
538976_1.png,0
538976_2.png,0
538976_3.png,0
538976_4.png,0
538976_5.png,0
53949_1.png,0
53949_2.png,0
53949_3.png,0
53949_4.png,0
53949_5.png,0
54091_1.png,0
54091_2.png,0
54091_3.png,0
54091_4.png,0
54091_5.png,0
541478_1.png,0
541478_2.png,0
541478_3.png,0
541478_4.png,0
541478_5.png,0
542509_1.png,0
542509_2.png,0
542509_3.png,0
542509_4.png,0
542509_5.png,0
542625_1.png,0
542625_2.png,0
542625_3.png,0
542625_4.png,0
542625_5.png,0
544216_1.png,0
544216_2.png,0
544216_3.png,0
544216_4.png,0
544216_5.png,0
545006_1.png,0
545006_2.png,0
545006_3.png,0
545006_4.png,0
545006_5.png,0
545293_1.png,0
545293_2.png,0
545293_3.png,0
545293_4.png,0
545293_5.png,0
546826_1.png,0
546826_2.png,0
546826_3.png,0
546826_4.png,0
546826_5.png,0
547336_1.png,0
547336_2.png,0
547336_3.png,0
547336_4.png,0
547336_5.png,0
54763_1.png,0
54763_2.png,0
54763_3.png,0
54763_4.png,0
54763_5.png,0
549230_1.png,0
549230_2.png,0
549230_3.png,0
549230_4.png,0
549230_5.png,0
55053_1.png,0
55053_2.png,0
55053_3.png,0
55053_4.png,0
55053_5.png,0
551358_1.png,0
551358_2.png,0
551358_3.png,0
551358_4.png,0
551358_5.png,0
552377_1.png,0
552377_2.png,0
552377_3.png,0
552377_4.png,0
552377_5.png,0
553669_1.png,0
553669_2.png,0
553669_3.png,0
553669_4.png,0
553669_5.png,0
553879_1.png,0
553879_2.png,0
553879_3.png,0
553879_4.png,0
553879_5.png,0
554145_1.png,0
554145_2.png,0
554145_3.png,0
554145_4.png,0
554145_5.png,0
555571_1.png,0
555571_2.png,0
555571_3.png,0
555571_4.png,0
555571_5.png,0
556341_1.png,0
556341_2.png,0
556341_3.png,0
556341_4.png,0
556341_5.png,0
557679_1.png,0
557679_2.png,0
557679_3.png,0
557679_4.png,0
557679_5.png,0
557884_1.png,0
557884_2.png,0
557884_3.png,0
557884_4.png,0
557884_5.png,0
55810_1.png,0
55810_2.png,0
55810_3.png,0
55810_4.png,0
55810_5.png,0
558671_1.png,0
558671_2.png,0
558671_3.png,0
558671_4.png,0
558671_5.png,0
559550_1.png,0
559550_2.png,0
559550_3.png,0
559550_4.png,0
559550_5.png,0
559730_1.png,0
559730_2.png,0
559730_3.png,0
559730_4.png,0
559730_5.png,0
560178_1.png,0
560178_2.png,0
560178_3.png,0
560178_4.png,0
560178_5.png,0
560721_1.png,0
560721_2.png,0
560721_3.png,0
560721_4.png,0
560721_5.png,0
562803_1.png,0
562803_2.png,0
562803_3.png,0
562803_4.png,0
562803_5.png,0
562856_1.png,0
562856_2.png,0
562856_3.png,0
562856_4.png,0
562856_5.png,0
563185_1.png,0
563185_2.png,0
563185_3.png,0
563185_4.png,0
563185_5.png,0
563615_1.png,0
563615_2.png,0
563615_3.png,0
563615_4.png,0
563615_5.png,0
563871_1.png,0
563871_2.png,0
563871_3.png,0
563871_4.png,0
563871_5.png,0
564657_1.png,0
564657_2.png,0
564657_3.png,0
564657_4.png,0
564657_5.png,0
565781_1.png,0
565781_2.png,0
565781_3.png,0
565781_4.png,0
565781_5.png,0
566027_1.png,0
566027_2.png,0
566027_3.png,0
566027_4.png,0
566027_5.png,0
566524_1.png,0
566524_2.png,0
566524_3.png,0
566524_4.png,0
566524_5.png,0
568611_1.png,0
568611_2.png,0
568611_3.png,0
568611_4.png,0
568611_5.png,0
569319_1.png,0
569319_2.png,0
569319_3.png,0
569319_4.png,0
569319_5.png,0
570680_1.png,0
570680_2.png,0
570680_3.png,0
570680_4.png,0
570680_5.png,0
572453_1.png,0
572453_2.png,0
572453_3.png,0
572453_4.png,0
572453_5.png,0
572825_1.png,0
572825_2.png,0
572825_3.png,0
572825_4.png,0
572825_5.png,0
572889_1.png,0
572889_2.png,0
572889_3.png,0
572889_4.png,0
572889_5.png,0
573605_1.png,0
573605_2.png,0
573605_3.png,0
573605_4.png,0
573605_5.png,0
57363_1.png,0
57363_2.png,0
57363_3.png,0
57363_4.png,0
57363_5.png,0
57377_1.png,0
57377_2.png,0
57377_3.png,0
57377_4.png,0
57377_5.png,0
574166_1.png,0
574166_2.png,0
574166_3.png,0
574166_4.png,0
574166_5.png,0
576327_1.png,0
576327_2.png,0
576327_3.png,0
576327_4.png,0
576327_5.png,0
577526_1.png,0
577526_2.png,0
577526_3.png,0
577526_4.png,0
577526_5.png,0
578107_1.png,0
578107_2.png,0
578107_3.png,0
578107_4.png,0
578107_5.png,0
57814_1.png,0
57814_2.png,0
57814_3.png,0
57814_4.png,0
57814_5.png,0
57878_1.png,0
57878_2.png,0
57878_3.png,0
57878_4.png,0
57878_5.png,0
578848_1.png,0
578848_2.png,0
578848_3.png,0
578848_4.png,0
578848_5.png,0
57904_1.png,0
57904_2.png,0
57904_3.png,0
57904_4.png,0
57904_5.png,0
58569_1.png,0
58569_2.png,0
58569_3.png,0
58569_4.png,0
58569_5.png,0
60449_1.png,0
60449_2.png,0
60449_3.png,0
60449_4.png,0
60449_5.png,0
61735_1.png,0
61735_2.png,0
61735_3.png,0
61735_4.png,0
61735_5.png,0
63729_1.png,0
63729_2.png,0
63729_3.png,0
63729_4.png,0
63729_5.png,0
64703_1.png,0
64703_2.png,0
64703_3.png,0
64703_4.png,0
64703_5.png,0
65008_1.png,0
65008_2.png,0
65008_3.png,0
65008_4.png,0
65008_5.png,0
65124_1.png,0
65124_2.png,0
65124_3.png,0
65124_4.png,0
65124_5.png,0
65427_1.png,0
65427_2.png,0
65427_3.png,0
65427_4.png,0
65427_5.png,0
66001_1.png,0
66001_2.png,0
66001_3.png,0
66001_4.png,0
66001_5.png,0
66879_1.png,0
66879_2.png,0
66879_3.png,0
66879_4.png,0
66879_5.png,0
675_1.png,0
675_2.png,0
675_3.png,0
675_4.png,0
675_5.png,0
68743_1.png,0
68743_2.png,0
68743_3.png,0
68743_4.png,0
68743_5.png,0
69827_1.png,0
69827_2.png,0
69827_3.png,0
69827_4.png,0
69827_5.png,0
70739_1.png,0
70739_2.png,0
70739_3.png,0
70739_4.png,0
70739_5.png,0
71136_1.png,0
71136_2.png,0
71136_3.png,0
71136_4.png,0
71136_5.png,0
71239_1.png,0
71239_2.png,0
71239_3.png,0
71239_4.png,0
71239_5.png,0
73861_1.png,0
73861_2.png,0
73861_3.png,0
73861_4.png,0
73861_5.png,0
74412_1.png,0
74412_2.png,0
74412_3.png,0
74412_4.png,0
74412_5.png,0
75090_1.png,0
75090_2.png,0
75090_3.png,0
75090_4.png,0
75090_5.png,0
75696_1.png,0
75696_2.png,0
75696_3.png,0
75696_4.png,0
75696_5.png,0
76625_1.png,0
76625_2.png,0
76625_3.png,0
76625_4.png,0
76625_5.png,0
77473_1.png,0
77473_2.png,0
77473_3.png,0
77473_4.png,0
77473_5.png,0
78495_1.png,0
78495_2.png,0
78495_3.png,0
78495_4.png,0
78495_5.png,0
78696_1.png,0
78696_2.png,0
78696_3.png,0
78696_4.png,0
78696_5.png,0
79588_1.png,0
79588_2.png,0
79588_3.png,0
79588_4.png,0
79588_5.png,0
79906_1.png,0
79906_2.png,0
79906_3.png,0
79906_4.png,0
79906_5.png,0
79955_1.png,0
79955_2.png,0
79955_3.png,0
79955_4.png,0
79955_5.png,0
79966_1.png,0
79966_2.png,0
79966_3.png,0
79966_4.png,0
79966_5.png,0
81081_1.png,0
81081_2.png,0
81081_3.png,0
81081_4.png,0
81081_5.png,0
82338_1.png,0
82338_2.png,0
82338_3.png,0
82338_4.png,0
82338_5.png,0
82363_1.png,0
82363_2.png,0
82363_3.png,0
82363_4.png,0
82363_5.png,0
83113_1.png,0
83113_2.png,0
83113_3.png,0
83113_4.png,0
83113_5.png,0
84474_1.png,0
84474_2.png,0
84474_3.png,0
84474_4.png,0
84474_5.png,0
8473_1.png,0
8473_2.png,0
8473_3.png,0
8473_4.png,0
8473_5.png,0
85632_1.png,0
85632_2.png,0
85632_3.png,0
85632_4.png,0
85632_5.png,0
85914_1.png,0
85914_2.png,0
85914_3.png,0
85914_4.png,0
85914_5.png,0
89391_1.png,0
89391_2.png,0
89391_3.png,0
89391_4.png,0
89391_5.png,0
89445_1.png,0
89445_2.png,0
89445_3.png,0
89445_4.png,0
89445_5.png,0
90367_1.png,0
90367_2.png,0
90367_3.png,0
90367_4.png,0
90367_5.png,0
91045_1.png,0
91045_2.png,0
91045_3.png,0
91045_4.png,0
91045_5.png,0
92028_1.png,0
92028_2.png,0
92028_3.png,0
92028_4.png,0
92028_5.png,0
92248_1.png,0
92248_2.png,0
92248_3.png,0
92248_4.png,0
92248_5.png,0
93314_1.png,0
93314_2.png,0
93314_3.png,0
93314_4.png,0
93314_5.png,0
94052_1.png,0
94052_2.png,0
94052_3.png,0
94052_4.png,0
94052_5.png,0
94299_1.png,0
94299_2.png,0
94299_3.png,0
94299_4.png,0
94299_5.png,0
9527_1.png,0
9527_2.png,0
9527_3.png,0
9527_4.png,0
9527_5.png,0
95899_1.png,0
95899_2.png,0
95899_3.png,0
95899_4.png,0
95899_5.png,0
97036_1.png,0
97036_2.png,0
97036_3.png,0
97036_4.png,0
97036_5.png,0
98520_1.png,0
98520_2.png,0
98520_3.png,0
98520_4.png,0
98520_5.png,0
98683_1.png,0
98683_2.png,0
98683_3.png,0
98683_4.png,0
98683_5.png,0
98721_1.png,0
98721_2.png,0
98721_3.png,0
98721_4.png,0
98721_5.png,0
98729_1.png,0
98729_2.png,0
98729_3.png,0
98729_4.png,0
98729_5.png,0
9908_1.png,0
9908_2.png,0
9908_3.png,0
9908_4.png,0
9908_5.png,0
99584_1.png,0
99584_2.png,0
99584_3.png,0
99584_4.png,0
99584_5.png,0
