img_name,PSNR
100090_1.png,28.877903
100090_2.png,27.85306
100090_3.png,27.89661
100090_4.png,27.994972
100090_5.png,28.971851
100977_1.png,29.597902
100977_2.png,28.061214
100977_3.png,28.165215
100977_4.png,27.808945
100977_5.png,29.475529
10114_1.png,29.404217
10114_2.png,28.00213
10114_3.png,28.629143
10114_4.png,28.879509
10114_5.png,29.394234
101223_1.png,29.614952
101223_2.png,27.697765
101223_3.png,27.988434
101223_4.png,28.09272
101223_5.png,29.482155
101936_1.png,29.466116
101936_2.png,27.935314
101936_3.png,27.905262
101936_4.png,28.588814
101936_5.png,29.322296
102159_1.png,28.919323
102159_2.png,27.901268
102159_3.png,27.924889
102159_4.png,27.839819
102159_5.png,28.647682
102912_1.png,28.86128
102912_2.png,27.916906
102912_3.png,27.87651
102912_4.png,27.65979
102912_5.png,29.13039
103030_1.png,28.686073
103030_2.png,27.920132
103030_3.png,28.00351
103030_4.png,27.79101
103030_5.png,28.609226
103114_1.png,29.00034
103114_2.png,27.991722
103114_3.png,28.336996
103114_4.png,28.339447
103114_5.png,30.005394
103122_1.png,29.501698
103122_2.png,27.872929
103122_3.png,28.135975
103122_4.png,28.432224
103122_5.png,29.486153
103723_1.png,29.214508
103723_2.png,28.083076
103723_3.png,27.938503
103723_4.png,28.026442
103723_5.png,29.157028
104091_1.png,28.658876
104091_2.png,27.91013
104091_3.png,27.891102
104091_4.png,27.911434
104091_5.png,29.190056
105040_1.png,29.032953
105040_2.png,27.746502
105040_3.png,27.890736
105040_4.png,28.277035
105040_5.png,29.183296
105480_1.png,29.787582
105480_2.png,28.14817
105480_3.png,28.031364
105480_4.png,28.321003
105480_5.png,29.675669
105783_1.png,28.738628
105783_2.png,28.060276
105783_3.png,28.04442
105783_4.png,28.00668
105783_5.png,28.820751
10705_1.png,29.804367
10705_2.png,27.923223
10705_3.png,27.959929
10705_4.png,28.0544
10705_5.png,29.686901
107427_1.png,29.441727
107427_2.png,27.780037
107427_3.png,27.880669
107427_4.png,27.855038
107427_5.png,29.507645
108425_1.png,29.445744
108425_2.png,28.190758
108425_3.png,27.92755
108425_4.png,28.03966
108425_5.png,29.510178
109532_1.png,29.605957
109532_2.png,28.07513
109532_3.png,28.313972
109532_4.png,29.115904
109532_5.png,30.150791
111706_1.png,28.870756
111706_2.png,28.075447
111706_3.png,27.998672
111706_4.png,27.87521
111706_5.png,28.91454
111811_1.png,28.973515
111811_2.png,27.913084
111811_3.png,28.05855
111811_4.png,28.350965
111811_5.png,29.122665
113860_1.png,28.985348
113860_2.png,27.827621
113860_3.png,28.294222
113860_4.png,28.325241
113860_5.png,28.556068
115721_1.png,29.067528
115721_2.png,28.21402
115721_3.png,28.64776
115721_4.png,28.85143
115721_5.png,29.211224
115752_1.png,29.175648
115752_2.png,28.020958
115752_3.png,28.126375
115752_4.png,28.363352
115752_5.png,29.354496
116405_1.png,29.480152
116405_2.png,28.129578
116405_3.png,27.84439
116405_4.png,28.3403
116405_5.png,29.59489
116413_1.png,28.821018
116413_2.png,27.993307
116413_3.png,28.04052
116413_4.png,28.27974
116413_5.png,29.584251
11699_1.png,28.966793
11699_2.png,27.8401
11699_3.png,28.032345
11699_4.png,28.358246
11699_5.png,29.17297
119581_1.png,29.537952
119581_2.png,28.056377
119581_3.png,28.588722
119581_4.png,28.075619
119581_5.png,29.722977
120566_1.png,28.955616
120566_2.png,27.918999
120566_3.png,28.2075
120566_4.png,28.110634
120566_5.png,28.898489
121745_1.png,30.556503
121745_2.png,27.879747
121745_3.png,29.887348
121745_4.png,28.252544
121745_5.png,30.610996
122120_1.png,29.90683
122120_2.png,27.876318
122120_3.png,27.954956
122120_4.png,28.670586
122120_5.png,29.888142
122467_1.png,28.90802
122467_2.png,28.154476
122467_3.png,27.895958
122467_4.png,27.908215
122467_5.png,28.903576
124995_1.png,28.576103
124995_2.png,27.800243
124995_3.png,28.145367
124995_4.png,27.926193
124995_5.png,28.47242
125257_1.png,29.351683
125257_2.png,27.724371
125257_3.png,27.882523
125257_4.png,28.056461
125257_5.png,29.676058
125829_1.png,28.914276
125829_2.png,27.848415
125829_3.png,28.316784
125829_4.png,27.667572
125829_5.png,28.895054
126631_1.png,29.520744
126631_2.png,27.90176
126631_3.png,28.10628
126631_4.png,28.156954
126631_5.png,29.841743
128675_1.png,30.323996
128675_2.png,27.986599
128675_3.png,27.766026
128675_4.png,28.197681
128675_5.png,30.618492
129587_1.png,28.969273
129587_2.png,27.991554
129587_3.png,27.910774
129587_4.png,28.111408
129587_5.png,28.978294
131273_1.png,28.751936
131273_2.png,28.005753
131273_3.png,28.154423
131273_4.png,27.953453
131273_5.png,29.00383
131416_1.png,29.241554
131416_2.png,28.171186
131416_3.png,27.977161
131416_4.png,28.258167
131416_5.png,29.457249
133464_1.png,28.72598
133464_2.png,27.877731
133464_3.png,27.92495
133464_4.png,27.881487
133464_5.png,28.99965
133933_1.png,29.283575
133933_2.png,27.83147
133933_3.png,27.970085
133933_4.png,28.42968
133933_5.png,29.440968
135410_1.png,28.930458
135410_2.png,27.867867
135410_3.png,28.03658
135410_4.png,28.278933
135410_5.png,29.13224
136938_1.png,29.00603
136938_2.png,27.810978
136938_3.png,28.07333
136938_4.png,28.688324
136938_5.png,29.04307
137809_1.png,29.991207
137809_2.png,28.010391
137809_3.png,27.990414
137809_4.png,28.854246
137809_5.png,30.158798
139843_1.png,29.3348
139843_2.png,27.96868
139843_3.png,27.932417
139843_4.png,28.8867
139843_5.png,29.62782
139856_1.png,29.04755
139856_2.png,27.776596
139856_3.png,27.928085
139856_4.png,28.179127
139856_5.png,29.109287
142665_1.png,29.225636
142665_2.png,28.017578
142665_3.png,28.233116
142665_4.png,28.079708
142665_5.png,29.206932
142934_1.png,30.177765
142934_2.png,27.897963
142934_3.png,27.893097
142934_4.png,28.142555
142934_5.png,30.288342
143931_1.png,29.742027
143931_2.png,28.030605
143931_3.png,28.099459
143931_4.png,28.2297
143931_5.png,29.538826
144874_1.png,29.664055
144874_2.png,28.079079
144874_3.png,28.6106
144874_4.png,28.767649
144874_5.png,29.772026
146078_1.png,29.86201
146078_2.png,27.92664
146078_3.png,28.249897
146078_4.png,28.884449
146078_5.png,29.76733
146127_1.png,29.682032
146127_2.png,28.086775
146127_3.png,28.23175
146127_4.png,28.336853
146127_5.png,29.649815
147042_1.png,29.218285
147042_2.png,28.151127
147042_3.png,28.115606
147042_4.png,27.76825
147042_5.png,29.260227
147236_1.png,29.097248
147236_2.png,27.959461
147236_3.png,28.123753
147236_4.png,28.555534
147236_5.png,28.980515
147556_1.png,28.509754
147556_2.png,27.753178
147556_3.png,27.876255
147556_4.png,27.729916
147556_5.png,28.448738
148067_1.png,29.045855
148067_2.png,27.984573
148067_3.png,28.185642
148067_4.png,28.036375
148067_5.png,29.152538
148329_1.png,28.740856
148329_2.png,28.12748
148329_3.png,28.161543
148329_4.png,27.92353
148329_5.png,28.759851
148910_1.png,29.174778
148910_2.png,28.152624
148910_3.png,27.748219
148910_4.png,28.37378
148910_5.png,28.821087
149376_1.png,29.51966
149376_2.png,27.991386
149376_3.png,27.892757
149376_4.png,28.074606
149376_5.png,29.542746
152499_1.png,29.591022
152499_2.png,28.063782
152499_3.png,28.265913
152499_4.png,28.590078
152499_5.png,29.72021
152598_1.png,28.875702
152598_2.png,27.939415
152598_3.png,28.153976
152598_4.png,28.322226
152598_5.png,28.984922
153520_1.png,29.448471
153520_2.png,27.733727
153520_3.png,27.865936
153520_4.png,28.15324
153520_5.png,29.180588
154867_1.png,30.132168
154867_2.png,28.37693
154867_3.png,27.837828
154867_4.png,29.499264
154867_5.png,30.07594
15497_1.png,30.0849
15497_2.png,28.244354
15497_3.png,28.204384
15497_4.png,28.486614
15497_5.png,30.234211
155051_1.png,29.105652
155051_2.png,28.797054
155051_3.png,29.67059
155051_4.png,28.329393
155051_5.png,29.203266
155131_1.png,28.85389
155131_2.png,28.016642
155131_3.png,28.00996
155131_4.png,28.416351
155131_5.png,29.218548
15559_1.png,29.803066
15559_2.png,27.835384
15559_3.png,28.40982
15559_4.png,28.82354
15559_5.png,29.470707
155604_1.png,29.178856
155604_2.png,28.054901
155604_3.png,28.218002
155604_4.png,28.793978
155604_5.png,30.188728
156532_1.png,29.895897
156532_2.png,27.925194
156532_3.png,27.884415
156532_4.png,28.104782
156532_5.png,29.669395
156846_1.png,29.304012
156846_2.png,28.140598
156846_3.png,28.003313
156846_4.png,28.815401
156846_5.png,29.058777
157469_1.png,28.8847
157469_2.png,27.737358
157469_3.png,27.909233
157469_4.png,28.457047
157469_5.png,29.576717
157516_1.png,28.692223
157516_2.png,27.826256
157516_3.png,27.880116
157516_4.png,28.335354
157516_5.png,28.984344
158993_1.png,29.315735
158993_2.png,27.748661
158993_3.png,28.103428
158993_4.png,28.694332
158993_5.png,29.533592
15953_1.png,29.179638
15953_2.png,27.794113
15953_3.png,27.945316
15953_4.png,27.980886
15953_5.png,29.176157
160341_1.png,29.796942
160341_2.png,27.930233
160341_3.png,28.125631
160341_4.png,28.47312
160341_5.png,29.954626
160531_1.png,29.36045
160531_2.png,27.999905
160531_3.png,28.05978
160531_4.png,29.437119
160531_5.png,29.899647
16064_1.png,29.54309
16064_2.png,27.893406
16064_3.png,27.880402
16064_4.png,27.66257
16064_5.png,29.040176
161586_1.png,28.533813
161586_2.png,27.819975
161586_3.png,27.9459
161586_4.png,27.822252
161586_5.png,28.219206
161877_1.png,29.080809
161877_2.png,27.923035
161877_3.png,28.244122
161877_4.png,27.982685
161877_5.png,29.352493
162867_1.png,29.558903
162867_2.png,28.030315
162867_3.png,28.346764
162867_4.png,28.116978
162867_5.png,29.474083
162998_1.png,30.004612
162998_2.png,27.776909
162998_3.png,28.198517
162998_4.png,28.748253
162998_5.png,29.171717
163112_1.png,28.908201
163112_2.png,28.683804
163112_3.png,28.427366
163112_4.png,29.352476
163112_5.png,28.623306
163831_1.png,28.7076
163831_2.png,28.06956
163831_3.png,27.977432
163831_4.png,27.967194
163831_5.png,28.878258
16439_1.png,30.372356
16439_2.png,28.143703
16439_3.png,27.945412
16439_4.png,28.765263
16439_5.png,29.897041
165202_1.png,29.558413
165202_2.png,28.869228
165202_3.png,29.368713
165202_4.png,28.618511
165202_5.png,29.887518
165937_1.png,29.51941
165937_2.png,27.908638
165937_3.png,28.017357
165937_4.png,28.605404
165937_5.png,29.241796
16689_1.png,28.433796
16689_2.png,28.070076
16689_3.png,27.945826
16689_4.png,28.063591
16689_5.png,28.680359
167477_1.png,29.180443
167477_2.png,27.886423
167477_3.png,28.369854
167477_4.png,28.596607
167477_5.png,29.573254
170024_1.png,28.58252
170024_2.png,27.855577
170024_3.png,28.157652
170024_4.png,27.963236
170024_5.png,28.538897
170116_1.png,28.965235
170116_2.png,27.923622
170116_3.png,28.068058
170116_4.png,28.001255
170116_5.png,29.328083
170178_1.png,29.60077
170178_2.png,28.02642
170178_3.png,27.971983
170178_4.png,28.560863
170178_5.png,29.07148
171050_1.png,28.673105
171050_2.png,27.933064
171050_3.png,28.113949
171050_4.png,28.037205
171050_5.png,29.031094
173547_1.png,29.115925
173547_2.png,27.95134
173547_3.png,28.25337
173547_4.png,27.99807
173547_5.png,29.350325
174258_1.png,28.702923
174258_2.png,27.802784
174258_3.png,27.89952
174258_4.png,28.156006
174258_5.png,29.37415
17425_1.png,29.831827
17425_2.png,28.103994
17425_3.png,27.94973
17425_4.png,28.984573
17425_5.png,29.538057
174866_1.png,29.25066
174866_2.png,28.090849
174866_3.png,28.130041
174866_4.png,28.66845
174866_5.png,28.89981
174888_1.png,28.54824
174888_2.png,27.918652
174888_3.png,27.927153
174888_4.png,28.385622
174888_5.png,28.85807
175052_1.png,29.116196
175052_2.png,27.993528
175052_3.png,27.80354
175052_4.png,28.615204
175052_5.png,29.148504
176031_1.png,28.723679
176031_2.png,27.911518
176031_3.png,28.037441
176031_4.png,28.035896
176031_5.png,29.108498
177194_1.png,29.217043
177194_2.png,27.78555
177194_3.png,27.77753
177194_4.png,27.531857
177194_5.png,29.137875
177496_1.png,29.728016
177496_2.png,28.309608
177496_3.png,28.120584
177496_4.png,28.546392
177496_5.png,30.23699
178516_1.png,28.876728
178516_2.png,28.115623
178516_3.png,27.973495
178516_4.png,27.88394
178516_5.png,28.848156
17869_1.png,29.712261
17869_2.png,27.865078
17869_3.png,27.803732
17869_4.png,28.041176
17869_5.png,30.129646
180366_1.png,28.35223
180366_2.png,27.912788
180366_3.png,27.92918
180366_4.png,28.15218
180366_5.png,29.06255
180521_1.png,28.600548
180521_2.png,27.903582
180521_3.png,28.11791
180521_4.png,28.324406
180521_5.png,28.898975
182179_1.png,30.28807
182179_2.png,27.977013
182179_3.png,27.961405
182179_4.png,27.95165
182179_5.png,29.59866
182227_1.png,29.325966
182227_2.png,27.901031
182227_3.png,27.94207
182227_4.png,27.836266
182227_5.png,29.061983
18224_1.png,28.703394
18224_2.png,27.98626
18224_3.png,28.017986
18224_4.png,28.43362
18224_5.png,29.230944
186095_1.png,28.472992
186095_2.png,27.876657
186095_3.png,27.915476
186095_4.png,28.329323
186095_5.png,28.47175
186165_1.png,29.605751
186165_2.png,27.99382
186165_3.png,28.039948
186165_4.png,28.158741
186165_5.png,29.39198
186697_1.png,29.128788
186697_2.png,27.838581
186697_3.png,27.991467
186697_4.png,28.1481
186697_5.png,29.172913
186927_1.png,29.429035
186927_2.png,27.75859
186927_3.png,27.971806
186927_4.png,28.252163
186927_5.png,29.85611
187349_1.png,28.79774
187349_2.png,28.042982
187349_3.png,27.954071
187349_4.png,28.261024
187349_5.png,28.86847
187495_1.png,29.526272
187495_2.png,28.235317
187495_3.png,28.336609
187495_4.png,28.178265
187495_5.png,30.189014
187722_1.png,30.213295
187722_2.png,28.199554
187722_3.png,27.999619
187722_4.png,28.47548
187722_5.png,30.19389
188434_1.png,28.480457
188434_2.png,27.702816
188434_3.png,28.14167
188434_4.png,29.038872
188434_5.png,29.483427
188819_1.png,29.090988
188819_2.png,28.096481
188819_3.png,28.028936
188819_4.png,28.718983
188819_5.png,29.097036
189376_1.png,29.745441
189376_2.png,28.46296
189376_3.png,28.55114
189376_4.png,28.875595
189376_5.png,29.385963
190014_1.png,29.732342
190014_2.png,27.715609
190014_3.png,27.745731
190014_4.png,28.78092
190014_5.png,29.869682
190160_1.png,28.679932
190160_2.png,27.861818
190160_3.png,27.900108
190160_4.png,28.097157
190160_5.png,28.675186
191095_1.png,30.115294
191095_2.png,28.171837
191095_3.png,28.47127
191095_4.png,28.626774
191095_5.png,30.255478
191301_1.png,28.856995
191301_2.png,28.082634
191301_3.png,28.118118
191301_4.png,28.71006
191301_5.png,30.281464
191533_1.png,29.406322
191533_2.png,27.910892
191533_3.png,28.164927
191533_4.png,27.977745
191533_5.png,29.556002
192168_1.png,29.557285
192168_2.png,28.034779
192168_3.png,27.882404
192168_4.png,28.657772
192168_5.png,28.990833
194790_1.png,28.895462
194790_2.png,28.063557
194790_3.png,28.135145
194790_4.png,27.961716
194790_5.png,29.015314
194885_1.png,29.112461
194885_2.png,27.93351
194885_3.png,27.897783
194885_4.png,28.679771
194885_5.png,29.23788
196168_1.png,29.440891
196168_2.png,27.930248
196168_3.png,27.83123
196168_4.png,28.807241
196168_5.png,29.435371
19631_1.png,29.649452
19631_2.png,28.11207
19631_3.png,27.909801
19631_4.png,28.00371
19631_5.png,29.522861
196571_1.png,29.424154
196571_2.png,27.90173
196571_3.png,27.822174
196571_4.png,28.090298
196571_5.png,29.61471
200143_1.png,28.753716
200143_2.png,28.203964
200143_3.png,27.976822
200143_4.png,28.35485
200143_5.png,28.807777
200291_1.png,29.400963
200291_2.png,28.168167
200291_3.png,27.909744
200291_4.png,29.255398
200291_5.png,30.0883
200945_1.png,29.049364
200945_2.png,27.938175
200945_3.png,28.033676
200945_4.png,27.882961
200945_5.png,29.214071
201764_1.png,29.059721
201764_2.png,27.962519
201764_3.png,27.900244
201764_4.png,28.122482
201764_5.png,29.274078
201993_1.png,29.853127
201993_2.png,27.906292
201993_3.png,28.531496
201993_4.png,28.366936
201993_5.png,29.832369
203463_1.png,29.536816
203463_2.png,28.043648
203463_3.png,27.8875
203463_4.png,28.402609
203463_5.png,29.45761
203636_1.png,28.589924
203636_2.png,27.73444
203636_3.png,27.996586
203636_4.png,28.113102
203636_5.png,28.509802
203747_1.png,28.513943
203747_2.png,27.761387
203747_3.png,27.935535
203747_4.png,27.667698
203747_5.png,28.774881
204609_1.png,29.257431
204609_2.png,27.845303
204609_3.png,29.141226
204609_4.png,29.054544
204609_5.png,29.193607
204670_1.png,29.102528
204670_2.png,27.890717
204670_3.png,28.046745
204670_4.png,29.244957
204670_5.png,29.175636
205101_1.png,28.32231
205101_2.png,27.834566
205101_3.png,27.923923
205101_4.png,28.53387
205101_5.png,28.697714
205625_1.png,29.02679
205625_2.png,27.873583
205625_3.png,27.915127
205625_4.png,28.777164
205625_5.png,29.171097
206027_1.png,29.352034
206027_2.png,28.341557
206027_3.png,28.589598
206027_4.png,29.365322
206027_5.png,29.288551
206176_1.png,28.920856
206176_2.png,28.11581
206176_3.png,28.481853
206176_4.png,28.787027
206176_5.png,29.092567
20641_1.png,29.288532
20641_2.png,28.161848
20641_3.png,28.027134
20641_4.png,28.409767
20641_5.png,29.296757
206550_1.png,29.37392
206550_2.png,28.063328
206550_3.png,27.901548
206550_4.png,28.309566
206550_5.png,29.424269
207548_1.png,28.335255
207548_2.png,27.766315
207548_3.png,27.87821
207548_4.png,27.87312
207548_5.png,28.48285
207803_1.png,29.85739
207803_2.png,28.061123
207803_3.png,27.988337
207803_4.png,28.172
207803_5.png,29.656017
207860_1.png,30.014719
207860_2.png,28.080526
207860_3.png,27.99551
207860_4.png,28.633936
207860_5.png,29.813475
208793_1.png,29.695625
208793_2.png,28.226414
208793_3.png,28.390339
208793_4.png,28.469471
208793_5.png,29.815815
208825_1.png,28.765732
208825_2.png,27.961174
208825_3.png,28.27046
208825_4.png,28.118868
208825_5.png,28.592781
208844_1.png,28.73323
208844_2.png,28.129303
208844_3.png,29.272327
208844_4.png,28.36001
208844_5.png,29.257915
20913_1.png,29.228638
20913_2.png,27.852142
20913_3.png,28.440338
20913_4.png,27.76751
20913_5.png,29.455925
209322_1.png,29.309372
209322_2.png,27.96128
209322_3.png,28.45691
209322_4.png,28.150259
209322_5.png,29.096142
209773_1.png,29.847816
209773_2.png,27.939411
209773_3.png,27.845707
209773_4.png,29.460638
209773_5.png,29.552952
210795_1.png,29.994904
210795_2.png,27.90088
210795_3.png,28.708385
210795_4.png,28.414406
210795_5.png,29.87973
211186_1.png,29.479845
211186_2.png,28.077097
211186_3.png,29.138947
211186_4.png,29.071648
211186_5.png,29.946533
212261_1.png,29.160091
212261_2.png,27.824617
212261_3.png,27.997248
212261_4.png,28.313541
212261_5.png,29.12231
212346_1.png,29.206627
212346_2.png,28.215633
212346_3.png,28.018425
212346_4.png,28.572487
212346_5.png,29.553993
213538_1.png,29.491215
213538_2.png,27.775558
213538_3.png,27.979944
213538_4.png,28.232346
213538_5.png,29.03326
214386_1.png,28.721996
214386_2.png,27.86612
214386_3.png,28.032124
214386_4.png,28.034325
214386_5.png,28.515814
215356_1.png,28.961174
215356_2.png,27.995838
215356_3.png,28.060698
215356_4.png,28.090023
215356_5.png,29.51335
2154_1.png,29.336607
2154_2.png,27.92244
2154_3.png,28.145775
2154_4.png,27.73973
2154_5.png,29.39507
215675_1.png,28.701736
215675_2.png,27.87088
215675_3.png,27.839706
215675_4.png,27.873898
215675_5.png,28.593502
215982_1.png,28.51849
215982_2.png,28.104042
215982_3.png,28.034813
215982_4.png,28.79123
215982_5.png,29.921406
216326_1.png,28.781761
216326_2.png,27.869524
216326_3.png,27.908749
216326_4.png,28.142212
216326_5.png,28.884281
216785_1.png,28.509274
216785_2.png,28.046597
216785_3.png,27.986979
216785_4.png,28.693575
216785_5.png,28.708305
217064_1.png,28.493252
217064_2.png,28.001682
217064_3.png,28.666748
217064_4.png,28.641842
217064_5.png,28.842152
217546_1.png,29.468885
217546_2.png,27.794613
217546_3.png,27.912834
217546_4.png,28.474491
217546_5.png,28.734142
218365_1.png,29.979443
218365_2.png,28.138208
218365_3.png,28.141777
218365_4.png,29.39087
218365_5.png,29.712727
218494_1.png,29.517424
218494_2.png,27.934235
218494_3.png,28.041656
218494_4.png,28.185604
218494_5.png,29.346748
219063_1.png,29.18425
219063_2.png,27.868034
219063_3.png,28.005426
219063_4.png,28.451124
219063_5.png,29.850853
219589_1.png,28.965038
219589_2.png,27.99369
219589_3.png,28.111782
219589_4.png,28.18517
219589_5.png,28.651798
21971_1.png,29.167828
21971_2.png,27.965645
21971_3.png,28.12341
21971_4.png,28.147633
21971_5.png,28.973255
220025_1.png,28.894196
220025_2.png,27.941803
220025_3.png,28.350857
220025_4.png,29.092218
220025_5.png,28.764364
221000_1.png,29.100727
221000_2.png,27.906116
221000_3.png,28.469429
221000_4.png,28.350395
221000_5.png,29.495571
222317_1.png,29.083893
222317_2.png,27.966743
222317_3.png,27.907726
222317_4.png,28.237965
222317_5.png,29.464455
222662_1.png,29.130676
222662_2.png,27.976614
222662_3.png,28.043308
222662_4.png,27.807814
222662_5.png,29.086613
222828_1.png,29.812595
222828_2.png,28.095768
222828_3.png,28.142235
222828_4.png,28.24367
222828_5.png,29.853947
228415_1.png,29.82568
228415_2.png,27.797382
228415_3.png,27.859932
228415_4.png,28.26727
228415_5.png,29.93835
229329_1.png,29.153053
229329_2.png,27.83049
229329_3.png,27.839123
229329_4.png,28.06913
229329_5.png,29.34422
229385_1.png,29.290451
229385_2.png,27.830315
229385_3.png,28.323792
229385_4.png,27.800663
229385_5.png,29.281553
231644_1.png,29.871801
231644_2.png,27.889688
231644_3.png,27.763178
231644_4.png,28.279343
231644_5.png,29.394026
232453_1.png,29.498894
232453_2.png,28.246006
232453_3.png,27.950794
232453_4.png,28.387585
232453_5.png,29.680325
232863_1.png,29.035088
232863_2.png,27.869951
232863_3.png,27.952816
232863_4.png,28.281452
232863_5.png,29.066936
233430_1.png,28.966858
233430_2.png,28.201086
233430_3.png,27.942312
233430_4.png,27.85541
233430_5.png,28.711226
233560_1.png,29.406483
233560_2.png,28.095322
233560_3.png,27.996098
233560_4.png,28.065449
233560_5.png,29.400059
23369_1.png,29.188126
23369_2.png,28.009512
23369_3.png,28.037857
23369_4.png,27.634438
23369_5.png,29.351337
235093_1.png,30.44106
235093_2.png,28.037848
235093_3.png,27.959335
235093_4.png,28.803059
235093_5.png,30.449833
236512_1.png,30.078627
236512_2.png,28.101196
236512_3.png,28.28806
236512_4.png,29.017937
236512_5.png,29.928339
237780_1.png,28.543142
237780_2.png,28.05225
237780_3.png,28.06607
237780_4.png,28.407673
237780_5.png,29.20045
238029_1.png,28.768583
238029_2.png,27.77454
238029_3.png,28.060818
238029_4.png,28.806595
238029_5.png,29.624336
239198_1.png,28.245853
239198_2.png,27.91571
239198_3.png,28.32793
239198_4.png,27.871387
239198_5.png,28.930178
239395_1.png,29.388134
239395_2.png,28.017883
239395_3.png,28.177837
239395_4.png,29.049797
239395_5.png,29.65318
239837_1.png,28.774263
239837_2.png,28.061893
239837_3.png,27.907352
239837_4.png,27.806347
239837_5.png,29.327446
240417_1.png,28.036375
240417_2.png,27.890827
240417_3.png,27.914568
240417_4.png,28.094376
240417_5.png,28.59438
240764_1.png,28.940155
240764_2.png,28.012276
240764_3.png,28.276503
240764_4.png,27.898895
240764_5.png,28.999481
240783_1.png,29.290413
240783_2.png,27.903742
240783_3.png,28.039846
240783_4.png,28.86634
240783_5.png,29.525751
240811_1.png,29.476301
240811_2.png,27.838928
240811_3.png,27.811642
240811_4.png,28.14161
240811_5.png,29.772297
24104_1.png,29.032177
24104_2.png,27.991894
24104_3.png,28.020466
24104_4.png,28.138092
24104_5.png,29.474697
241837_1.png,28.326836
241837_2.png,27.833652
241837_3.png,27.803776
241837_4.png,28.287804
241837_5.png,28.867107
242570_1.png,29.438911
242570_2.png,28.107935
242570_3.png,27.951714
242570_4.png,28.1114
242570_5.png,29.401829
242868_1.png,30.057522
242868_2.png,27.841646
242868_3.png,27.840986
242868_4.png,29.286922
242868_5.png,29.906296
243218_1.png,30.267117
243218_2.png,28.05562
243218_3.png,28.170067
243218_4.png,28.707561
243218_5.png,30.293947
246263_1.png,29.237213
246263_2.png,27.887459
246263_3.png,27.962332
246263_4.png,28.348429
246263_5.png,29.293541
246270_1.png,29.714088
246270_2.png,28.14294
246270_3.png,27.933237
246270_4.png,28.118053
246270_5.png,29.741314
246883_1.png,30.363316
246883_2.png,27.870989
246883_3.png,27.844091
246883_4.png,28.035755
246883_5.png,30.311558
247407_1.png,29.354218
247407_2.png,27.885433
247407_3.png,28.025972
247407_4.png,28.01846
247407_5.png,29.39271
247473_1.png,29.398888
247473_2.png,27.831429
247473_3.png,27.839725
247473_4.png,28.024948
247473_5.png,29.00721
247477_1.png,30.031082
247477_2.png,27.982828
247477_3.png,28.084587
247477_4.png,27.92338
247477_5.png,29.75562
247536_1.png,29.674131
247536_2.png,28.04637
247536_3.png,28.231195
247536_4.png,28.188053
247536_5.png,29.372292
250951_1.png,29.071697
250951_2.png,28.144255
250951_3.png,27.901695
250951_4.png,28.849491
250951_5.png,29.3903
250993_1.png,28.563759
250993_2.png,27.908466
250993_3.png,27.990107
250993_4.png,28.045765
250993_5.png,28.996044
253433_1.png,28.63934
253433_2.png,28.04451
253433_3.png,28.157429
253433_4.png,28.67195
253433_5.png,29.191063
254119_1.png,29.114685
254119_2.png,27.958332
254119_3.png,28.062492
254119_4.png,28.22059
254119_5.png,29.104418
255718_1.png,28.640469
255718_2.png,27.931408
255718_3.png,28.09113
255718_4.png,28.434093
255718_5.png,28.848085
257557_1.png,28.867508
257557_2.png,27.995628
257557_3.png,27.820469
257557_4.png,28.090546
257557_5.png,29.229195
258019_1.png,29.761314
258019_2.png,27.97034
258019_3.png,28.193413
258019_4.png,28.160482
258019_5.png,29.780512
258112_1.png,30.141237
258112_2.png,28.05746
258112_3.png,28.03875
258112_4.png,29.468279
258112_5.png,30.208954
258382_1.png,28.659126
258382_2.png,27.908964
258382_3.png,27.850111
258382_4.png,28.316006
258382_5.png,28.745033
261360_1.png,29.139614
261360_2.png,27.920712
261360_3.png,27.879543
261360_4.png,27.960207
261360_5.png,28.72759
261461_1.png,28.789167
261461_2.png,27.859827
261461_3.png,27.83786
261461_4.png,27.78875
261461_5.png,28.489323
261757_1.png,28.904556
261757_2.png,27.78857
261757_3.png,28.058891
261757_4.png,28.429522
261757_5.png,29.35951
262284_1.png,29.499582
262284_2.png,27.874447
262284_3.png,27.854746
262284_4.png,27.92908
262284_5.png,29.901583
262404_1.png,29.215296
262404_2.png,28.01157
262404_3.png,27.98228
262404_4.png,28.63462
262404_5.png,29.039547
262487_1.png,29.621487
262487_2.png,27.8162
262487_3.png,27.922638
262487_4.png,28.477043
262487_5.png,28.76317
262631_1.png,29.165966
262631_2.png,28.044054
262631_3.png,27.996979
262631_4.png,28.415909
262631_5.png,29.24205
264568_1.png,29.129368
264568_2.png,27.781044
264568_3.png,27.955463
264568_4.png,28.057934
264568_5.png,29.271238
265879_1.png,28.929512
265879_2.png,27.947386
265879_3.png,28.251007
265879_4.png,28.559505
265879_5.png,29.237795
266434_1.png,28.724474
266434_2.png,28.10564
266434_3.png,27.971504
266434_4.png,29.025234
266434_5.png,29.102577
267932_1.png,29.742006
267932_2.png,27.897911
267932_3.png,28.115204
267932_4.png,28.337257
267932_5.png,29.661295
268215_1.png,29.199112
268215_2.png,27.997072
268215_3.png,28.111282
268215_4.png,28.407639
268215_5.png,29.251253
268340_1.png,29.37818
268340_2.png,27.953096
268340_3.png,28.270622
268340_4.png,29.55212
268340_5.png,29.486868
2684_1.png,29.077763
2684_2.png,27.919617
2684_3.png,28.51408
2684_4.png,28.21677
2684_5.png,28.694294
268938_1.png,30.259712
268938_2.png,27.952068
268938_3.png,27.873486
268938_4.png,28.914753
268938_5.png,30.192009
269017_1.png,29.638025
269017_2.png,27.935352
269017_3.png,28.012184
269017_4.png,28.06186
269017_5.png,29.246675
270001_1.png,29.599815
270001_2.png,28.013111
270001_3.png,27.940163
270001_4.png,28.922298
270001_5.png,29.457241
270544_1.png,28.691689
270544_2.png,27.905832
270544_3.png,28.327042
270544_4.png,28.06305
270544_5.png,29.208221
271643_1.png,29.29416
271643_2.png,27.739964
271643_3.png,27.80956
271643_4.png,27.761524
271643_5.png,29.413647
271780_1.png,29.111504
271780_2.png,28.088207
271780_3.png,28.105997
271780_4.png,28.617247
271780_5.png,28.638836
271820_1.png,29.494473
271820_2.png,28.04574
271820_3.png,28.954
271820_4.png,28.241247
271820_5.png,29.26358
272357_1.png,29.861465
272357_2.png,28.113873
272357_3.png,28.816387
272357_4.png,28.359848
272357_5.png,29.561903
272615_1.png,29.043217
272615_2.png,28.222933
272615_3.png,28.290152
272615_4.png,28.089844
272615_5.png,29.204906
274438_1.png,30.836296
274438_2.png,27.840504
274438_3.png,27.995663
274438_4.png,27.97805
274438_5.png,30.839697
274629_1.png,29.473587
274629_2.png,28.22057
274629_3.png,27.876099
274629_4.png,28.349632
274629_5.png,29.78223
274779_1.png,29.14299
274779_2.png,27.850777
274779_3.png,28.458328
274779_4.png,28.94011
274779_5.png,29.193762
276707_1.png,29.125456
276707_2.png,28.145142
276707_3.png,28.011383
276707_4.png,28.129208
276707_5.png,28.974207
276720_1.png,28.938995
276720_2.png,28.05826
276720_3.png,27.941994
276720_4.png,28.11515
276720_5.png,29.634312
279491_1.png,29.16865
279491_2.png,27.767876
279491_3.png,27.960371
279491_4.png,28.661823
279491_5.png,28.894962
281056_1.png,29.498337
281056_2.png,28.000053
281056_3.png,27.904076
281056_4.png,27.786865
281056_5.png,29.238924
283012_1.png,29.266594
283012_2.png,28.014711
283012_3.png,28.053185
283012_4.png,28.48633
283012_5.png,29.35057
283471_1.png,29.271778
283471_2.png,27.97186
283471_3.png,27.865084
283471_4.png,27.741455
283471_5.png,29.562023
283977_1.png,28.533108
283977_2.png,27.861385
283977_3.png,28.438751
283977_4.png,27.96637
283977_5.png,28.922352
284641_1.png,29.505337
284641_2.png,27.811108
284641_3.png,28.114677
284641_4.png,27.759186
284641_5.png,29.060984
285534_1.png,29.543844
285534_2.png,27.94907
285534_3.png,28.179445
285534_4.png,28.25861
285534_5.png,29.381763
285820_1.png,29.26873
285820_2.png,28.032722
285820_3.png,28.427444
285820_4.png,28.551632
285820_5.png,29.691841
286544_1.png,28.624905
286544_2.png,27.93689
286544_3.png,27.901375
286544_4.png,27.789093
286544_5.png,28.767986
287443_1.png,28.932718
287443_2.png,27.942247
287443_3.png,27.928778
287443_4.png,28.450245
287443_5.png,29.412376
288933_1.png,29.733902
288933_2.png,28.042767
288933_3.png,27.995434
288933_4.png,27.779982
288933_5.png,29.53265
288955_1.png,29.706934
288955_2.png,27.867908
288955_3.png,28.812618
288955_4.png,28.328922
288955_5.png,29.681007
289222_1.png,28.869867
289222_2.png,27.922087
289222_3.png,27.90799
289222_4.png,28.42228
289222_5.png,29.124996
289512_1.png,29.442223
289512_2.png,27.886387
289512_3.png,27.808796
289512_4.png,28.339077
289512_5.png,29.485462
289813_1.png,29.147137
289813_2.png,28.00119
289813_3.png,27.88573
289813_4.png,28.275047
289813_5.png,28.816057
289960_1.png,29.111134
289960_2.png,27.833755
289960_3.png,28.318241
289960_4.png,28.729942
289960_5.png,29.21824
290130_1.png,30.018955
290130_2.png,27.92245
290130_3.png,27.813824
290130_4.png,27.944431
290130_5.png,29.561867
290248_1.png,29.577637
290248_2.png,28.05839
290248_3.png,28.05069
290248_4.png,28.195591
290248_5.png,29.495846
290619_1.png,29.000721
290619_2.png,27.830761
290619_3.png,28.067886
290619_4.png,28.110825
290619_5.png,28.5253
291257_1.png,29.001995
291257_2.png,28.033304
291257_3.png,27.922718
291257_4.png,28.180096
291257_5.png,28.932688
291990_1.png,28.78667
291990_2.png,28.026861
291990_3.png,28.077765
291990_4.png,28.439121
291990_5.png,28.849403
292663_1.png,29.284004
292663_2.png,27.938572
292663_3.png,28.109531
292663_4.png,28.275612
292663_5.png,29.146574
293245_1.png,28.99318
293245_2.png,28.079754
293245_3.png,28.024397
293245_4.png,28.599354
293245_5.png,29.201086
293782_1.png,28.75973
293782_2.png,28.038593
293782_3.png,27.98733
293782_4.png,27.87854
293782_5.png,28.860405
293789_1.png,29.323689
293789_2.png,27.826385
293789_3.png,29.048706
293789_4.png,29.31201
293789_5.png,29.375132
294541_1.png,29.719337
294541_2.png,28.042
294541_3.png,27.866802
294541_4.png,28.442078
294541_5.png,29.975977
29558_1.png,29.071657
29558_2.png,27.868032
29558_3.png,27.832756
29558_4.png,27.856655
29558_5.png,28.925728
296032_1.png,29.02875
296032_2.png,27.995163
296032_3.png,27.931496
296032_4.png,27.9174
296032_5.png,28.756458
296098_1.png,29.166468
296098_2.png,27.720886
296098_3.png,27.88098
296098_4.png,28.93086
296098_5.png,29.363224
296604_1.png,28.784672
296604_2.png,27.945465
296604_3.png,27.9255
296604_4.png,28.086807
296604_5.png,28.82451
298252_1.png,28.649126
298252_2.png,28.048641
298252_3.png,28.568844
298252_4.png,28.53644
298252_5.png,29.23708
298697_1.png,30.275
298697_2.png,27.959532
298697_3.png,28.91683
298697_4.png,29.619028
298697_5.png,30.377457
298784_1.png,28.839512
298784_2.png,27.915653
298784_3.png,27.905888
298784_4.png,28.14375
298784_5.png,28.553684
299970_1.png,28.833496
299970_2.png,27.96796
299970_3.png,28.097698
299970_4.png,28.154274
299970_5.png,29.141193
300090_1.png,28.735874
300090_2.png,28.189442
300090_3.png,28.062809
300090_4.png,28.040838
300090_5.png,28.873734
303056_1.png,29.286852
303056_2.png,27.889038
303056_3.png,28.04201
303056_4.png,28.048512
303056_5.png,29.041294
303922_1.png,28.557693
303922_2.png,27.953259
303922_3.png,27.978771
303922_4.png,28.401161
303922_5.png,29.028202
30407_1.png,29.511822
30407_2.png,28.190575
30407_3.png,28.536507
30407_4.png,28.131008
30407_5.png,29.5015
305472_1.png,29.309887
305472_2.png,27.989723
305472_3.png,28.133314
305472_4.png,27.870434
305472_5.png,29.25623
305639_1.png,29.002052
305639_2.png,27.831388
305639_3.png,27.888924
305639_4.png,27.98925
305639_5.png,29.279913
307323_1.png,29.448727
307323_2.png,27.877033
307323_3.png,27.761677
307323_4.png,28.088097
307323_5.png,29.5788
308730_1.png,29.338215
308730_2.png,28.042456
308730_3.png,28.26767
308730_4.png,27.95377
308730_5.png,29.377367
31000_1.png,30.60419
31000_2.png,28.044407
31000_3.png,29.905426
31000_4.png,28.551928
31000_5.png,30.593517
313034_1.png,29.152481
313034_2.png,27.867207
313034_3.png,27.92197
313034_4.png,28.205952
313034_5.png,29.121367
314649_1.png,29.074883
314649_2.png,27.946901
314649_3.png,27.961273
314649_4.png,28.062946
314649_5.png,28.87677
314757_1.png,29.724043
314757_2.png,28.071857
314757_3.png,27.947422
314757_4.png,28.111704
314757_5.png,29.470516
315178_1.png,28.412712
315178_2.png,27.808958
315178_3.png,27.830498
315178_4.png,28.150288
315178_5.png,28.527706
315810_1.png,30.972893
315810_2.png,27.77129
315810_3.png,28.371746
315810_4.png,28.3128
315810_5.png,30.875618
317087_1.png,28.843615
317087_2.png,27.968044
317087_3.png,27.95342
317087_4.png,27.592823
317087_5.png,28.336391
317130_1.png,28.812412
317130_2.png,27.854874
317130_3.png,28.012177
317130_4.png,28.158241
317130_5.png,29.099684
317622_1.png,29.185179
317622_2.png,27.915558
317622_3.png,28.00454
317622_4.png,28.599064
317622_5.png,28.897432
318524_1.png,28.881214
318524_2.png,27.864082
318524_3.png,27.904186
318524_4.png,27.89783
318524_5.png,28.913769
319283_1.png,28.384983
319283_2.png,27.898352
319283_3.png,27.981377
319283_4.png,28.030308
319283_5.png,28.509253
319721_1.png,29.64964
319721_2.png,28.079218
319721_3.png,27.927452
319721_4.png,28.268675
319721_5.png,29.563618
319743_1.png,29.404028
319743_2.png,27.917336
319743_3.png,27.82787
319743_4.png,28.376205
319743_5.png,29.537285
322164_1.png,29.920883
322164_2.png,27.732708
322164_3.png,27.819546
322164_4.png,27.958496
322164_5.png,29.773754
322987_1.png,28.887024
322987_2.png,27.884289
322987_3.png,28.785198
322987_4.png,27.697945
322987_5.png,28.824318
325838_1.png,29.66802
325838_2.png,27.906944
325838_3.png,27.969229
325838_4.png,28.932512
325838_5.png,29.44325
326367_1.png,28.87327
326367_2.png,27.796589
326367_3.png,28.508785
326367_4.png,27.988113
326367_5.png,28.850628
326564_1.png,28.967993
326564_2.png,27.89072
326564_3.png,27.711502
326564_4.png,28.598936
326564_5.png,28.433407
326970_1.png,28.844742
326970_2.png,28.074993
326970_3.png,28.014706
326970_4.png,28.22018
326970_5.png,29.385815
32708_1.png,29.481262
32708_2.png,27.830309
32708_3.png,27.785759
32708_4.png,28.060354
32708_5.png,29.405954
328797_1.png,29.02605
328797_2.png,27.867603
328797_3.png,28.536762
328797_4.png,28.18785
328797_5.png,29.175972
328838_1.png,28.909245
328838_2.png,27.919209
328838_3.png,28.090397
328838_4.png,28.972038
328838_5.png,29.3685
328957_1.png,28.711073
328957_2.png,27.733479
328957_3.png,27.879967
328957_4.png,27.629723
328957_5.png,28.896484
330410_1.png,29.173786
330410_2.png,27.753746
330410_3.png,27.985315
330410_4.png,27.703732
330410_5.png,28.993286
331529_1.png,28.576092
331529_2.png,28.010723
331529_3.png,28.059622
331529_4.png,28.59713
331529_5.png,28.618961
332987_1.png,29.150806
332987_2.png,27.961924
332987_3.png,28.072338
332987_4.png,28.424229
332987_5.png,28.864803
334148_1.png,28.61266
334148_2.png,27.781933
334148_3.png,27.752365
334148_4.png,29.373447
334148_5.png,28.567226
334399_1.png,30.162888
334399_2.png,28.464083
334399_3.png,28.680756
334399_4.png,29.67175
334399_5.png,30.73641
337690_1.png,29.25956
337690_2.png,28.017467
337690_3.png,27.950308
337690_4.png,28.375847
337690_5.png,29.36127
338159_1.png,28.851189
338159_2.png,27.991642
338159_3.png,28.362368
338159_4.png,28.32124
338159_5.png,29.183868
339588_1.png,29.004534
339588_2.png,27.848915
339588_3.png,27.876047
339588_4.png,27.782335
339588_5.png,28.842892
339986_1.png,28.443338
339986_2.png,27.869621
339986_3.png,27.980034
339986_4.png,27.821299
339986_5.png,28.420326
340398_1.png,29.166296
340398_2.png,27.954254
340398_3.png,27.864035
340398_4.png,28.099514
340398_5.png,29.561436
343453_1.png,31.061869
343453_2.png,28.468544
343453_3.png,27.96354
343453_4.png,29.21215
343453_5.png,30.747696
343680_1.png,29.271461
343680_2.png,27.95607
343680_3.png,28.604202
343680_4.png,28.191978
343680_5.png,29.490108
344762_1.png,29.149933
344762_2.png,27.952864
344762_3.png,27.96348
344762_4.png,27.995838
344762_5.png,28.601414
344878_1.png,29.573036
344878_2.png,28.01233
344878_3.png,27.955568
344878_4.png,27.76162
344878_5.png,29.747051
347568_1.png,29.058165
347568_2.png,28.079723
347568_3.png,27.982254
347568_4.png,28.24083
347568_5.png,29.597408
347747_1.png,28.866081
347747_2.png,28.02979
347747_3.png,27.926819
347747_4.png,27.90973
347747_5.png,29.070091
347965_1.png,29.560421
347965_2.png,28.057943
347965_3.png,28.437578
347965_4.png,28.453152
347965_5.png,29.439398
348730_1.png,29.933683
348730_2.png,28.18761
348730_3.png,28.28064
348730_4.png,28.27203
348730_5.png,29.824024
348838_1.png,28.962933
348838_2.png,27.97364
348838_3.png,27.965878
348838_4.png,29.128555
348838_5.png,28.778757
351715_1.png,29.129074
351715_2.png,27.86813
351715_3.png,27.741177
351715_4.png,28.792192
351715_5.png,29.402676
354491_1.png,28.54499
354491_2.png,28.075779
354491_3.png,27.829754
354491_4.png,27.813795
354491_5.png,28.789251
355040_1.png,28.681911
355040_2.png,28.138302
355040_3.png,28.125803
355040_4.png,28.32513
355040_5.png,29.449791
355513_1.png,30.202717
355513_2.png,27.915691
355513_3.png,27.889603
355513_4.png,27.528276
355513_5.png,29.942375
357498_1.png,28.345545
357498_2.png,27.843195
357498_3.png,27.913338
357498_4.png,27.832802
357498_5.png,28.656033
359128_1.png,29.43706
359128_2.png,28.000168
359128_3.png,27.983276
359128_4.png,28.51035
359128_5.png,29.502754
359432_1.png,28.417757
359432_2.png,27.846731
359432_3.png,28.472134
359432_4.png,28.178501
359432_5.png,29.049232
361073_1.png,29.571512
361073_2.png,28.114944
361073_3.png,28.07694
361073_4.png,28.499556
361073_5.png,29.530323
361551_1.png,29.162716
361551_2.png,27.840374
361551_3.png,27.9822
361551_4.png,27.793839
361551_5.png,28.997093
361750_1.png,29.272198
361750_2.png,27.767673
361750_3.png,28.08889
361750_4.png,28.221153
361750_5.png,29.074968
36478_1.png,29.241749
36478_2.png,27.868824
36478_3.png,27.812859
36478_4.png,28.327843
36478_5.png,29.231804
366615_1.png,29.10078
366615_2.png,28.040579
366615_3.png,28.476803
366615_4.png,28.477571
366615_5.png,28.878387
367468_1.png,29.863058
367468_2.png,28.26891
367468_3.png,28.190308
367468_4.png,28.30735
367468_5.png,29.510376
367578_1.png,29.410513
367578_2.png,27.780664
367578_3.png,28.101604
367578_4.png,28.224878
367578_5.png,29.352825
368671_1.png,29.735857
368671_2.png,28.09134
368671_3.png,27.757883
368671_4.png,28.20969
368671_5.png,29.559433
369461_1.png,28.446333
369461_2.png,27.764565
369461_3.png,27.961187
369461_4.png,27.756628
369461_5.png,28.331882
370697_1.png,29.706787
370697_2.png,27.861946
370697_3.png,27.993664
370697_4.png,27.907679
370697_5.png,29.686428
371151_1.png,29.688591
371151_2.png,28.011879
371151_3.png,28.0596
371151_4.png,28.95288
371151_5.png,30.23478
371472_1.png,28.735422
371472_2.png,27.91698
371472_3.png,28.492817
371472_4.png,28.696907
371472_5.png,28.623062
371694_1.png,30.059052
371694_2.png,28.043072
371694_3.png,28.30193
371694_4.png,29.620796
371694_5.png,30.402428
371699_1.png,29.069397
371699_2.png,27.89625
371699_3.png,28.37135
371699_4.png,28.013653
371699_5.png,29.202429
371890_1.png,28.881157
371890_2.png,28.043503
371890_3.png,28.183918
371890_4.png,28.649284
371890_5.png,29.128014
372577_1.png,31.218788
372577_2.png,27.77831
372577_3.png,27.818844
372577_4.png,28.175102
372577_5.png,30.514996
372979_1.png,29.351051
372979_2.png,27.825417
372979_3.png,27.982475
372979_4.png,28.59575
372979_5.png,29.4429
373060_1.png,29.414146
373060_2.png,27.969604
373060_3.png,28.019169
373060_4.png,28.07613
373060_5.png,29.107464
373789_1.png,28.709341
373789_2.png,28.03258
373789_3.png,28.054363
373789_4.png,29.048885
373789_5.png,28.976006
374669_1.png,29.182568
374669_2.png,27.942661
374669_3.png,27.929117
374669_4.png,29.12717
374669_5.png,29.196507
375211_1.png,29.161427
375211_2.png,28.00179
375211_3.png,28.45477
375211_4.png,27.757668
375211_5.png,29.187386
375509_1.png,29.64194
375509_2.png,28.08365
375509_3.png,28.117996
375509_4.png,28.282745
375509_5.png,29.66486
378894_1.png,28.897293
378894_2.png,28.048477
378894_3.png,27.946873
378894_4.png,28.140684
378894_5.png,29.327648
379605_1.png,29.171764
379605_2.png,27.963411
379605_3.png,28.077618
379605_4.png,27.956074
379605_5.png,29.258427
380734_1.png,28.694578
380734_2.png,27.999752
380734_3.png,27.972036
380734_4.png,27.856613
380734_5.png,29.131027
38073_1.png,29.843464
38073_2.png,27.971668
38073_3.png,28.104233
38073_4.png,28.51538
38073_5.png,29.787281
383448_1.png,28.860748
383448_2.png,27.88699
383448_3.png,27.934494
383448_4.png,28.200329
383448_5.png,29.219568
383921_1.png,28.777754
383921_2.png,28.034945
383921_3.png,27.943203
383921_4.png,28.000553
383921_5.png,29.004868
384931_1.png,28.56903
384931_2.png,27.747501
384931_3.png,27.916355
384931_4.png,27.804884
384931_5.png,28.383755
384995_1.png,28.915485
384995_2.png,27.67159
384995_3.png,27.892437
384995_4.png,28.433592
384995_5.png,28.714212
386370_1.png,29.740246
386370_2.png,28.101608
386370_3.png,27.884544
386370_4.png,27.864227
386370_5.png,29.38556
387173_1.png,29.134783
387173_2.png,27.913778
387173_3.png,27.952976
387173_4.png,28.078835
387173_5.png,28.862614
387429_1.png,29.834602
387429_2.png,28.268894
387429_3.png,28.655697
387429_4.png,28.950197
387429_5.png,30.561153
38775_1.png,28.637775
38775_2.png,28.007603
38775_3.png,28.029068
38775_4.png,27.828255
38775_5.png,28.563684
388042_1.png,29.434029
388042_2.png,27.837067
388042_3.png,28.079784
388042_4.png,28.127773
388042_5.png,29.504417
388225_1.png,29.788258
388225_2.png,28.059675
388225_3.png,28.09579
388225_4.png,28.260567
388225_5.png,29.794174
389812_1.png,28.976116
389812_2.png,28.010448
389812_3.png,27.982958
389812_4.png,28.116695
389812_5.png,28.410559
390760_1.png,29.575274
390760_2.png,27.881039
390760_3.png,27.817091
390760_4.png,28.010622
390760_5.png,29.666563
391940_1.png,28.497368
391940_2.png,27.8583
391940_3.png,27.980228
391940_4.png,27.775143
391940_5.png,28.547333
392764_1.png,28.58871
392764_2.png,28.382858
392764_3.png,28.238945
392764_4.png,28.741756
392764_5.png,29.258493
393674_1.png,29.292677
393674_2.png,27.96669
393674_3.png,27.886208
393674_4.png,29.157196
393674_5.png,29.2514
394033_1.png,29.017025
394033_2.png,28.05111
394033_3.png,28.000156
394033_4.png,28.244297
394033_5.png,28.943718
395290_1.png,29.485008
395290_2.png,27.844902
395290_3.png,28.088083
395290_4.png,28.886127
395290_5.png,29.408382
395388_1.png,28.980782
395388_2.png,27.78849
395388_3.png,28.06799
395388_4.png,28.053238
395388_5.png,28.605215
396779_1.png,29.52175
396779_2.png,27.948654
396779_3.png,28.068876
396779_4.png,28.545458
396779_5.png,29.516672
397274_1.png,29.085377
397274_2.png,28.215382
397274_3.png,28.054451
397274_4.png,28.346926
397274_5.png,29.473312
397287_1.png,28.39362
397287_2.png,28.072273
397287_3.png,28.099068
397287_4.png,27.822048
397287_5.png,28.30334
400507_1.png,29.400799
400507_2.png,27.829065
400507_3.png,28.159018
400507_4.png,28.285454
400507_5.png,29.325096
400567_1.png,29.638542
400567_2.png,27.915562
400567_3.png,27.873165
400567_4.png,28.29541
400567_5.png,29.556595
402077_1.png,29.411049
402077_2.png,27.890686
402077_3.png,28.548504
402077_4.png,29.03303
402077_5.png,29.137157
404349_1.png,29.417778
404349_2.png,27.859213
404349_3.png,27.71156
404349_4.png,28.076372
404349_5.png,29.503368
404635_1.png,29.670206
404635_2.png,28.144894
404635_3.png,27.93043
404635_4.png,27.879269
404635_5.png,29.575668
404886_1.png,29.604946
404886_2.png,27.878124
404886_3.png,28.122768
404886_4.png,28.30626
404886_5.png,29.273903
405195_1.png,28.58768
405195_2.png,27.979088
405195_3.png,27.995392
405195_4.png,28.344074
405195_5.png,29.082195
405675_1.png,28.504826
405675_2.png,28.00091
405675_3.png,28.04644
405675_4.png,27.950888
405675_5.png,28.564686
406899_1.png,29.462189
406899_2.png,27.793863
406899_3.png,28.180859
406899_4.png,28.57307
406899_5.png,30.04927
407002_1.png,29.300238
407002_2.png,27.795223
407002_3.png,27.841225
407002_4.png,27.441856
407002_5.png,29.62679
408746_1.png,29.475746
408746_2.png,27.883444
408746_3.png,27.844707
408746_4.png,29.035217
408746_5.png,29.756458
409100_1.png,29.160637
409100_2.png,28.048695
409100_3.png,28.017046
409100_4.png,28.14285
409100_5.png,29.246897
412440_1.png,29.2028
412440_2.png,27.743275
412440_3.png,28.020931
412440_4.png,27.959755
412440_5.png,29.06496
41247_1.png,29.59693
41247_2.png,27.911251
41247_3.png,27.703026
41247_4.png,29.510483
41247_5.png,30.075783
413634_1.png,28.943653
413634_2.png,27.84266
413634_3.png,28.099148
413634_4.png,27.95657
413634_5.png,28.940956
413839_1.png,30.169487
413839_2.png,27.847769
413839_3.png,28.06093
413839_4.png,28.11253
413839_5.png,29.728413
414156_1.png,28.713306
414156_2.png,27.961449
414156_3.png,27.950298
414156_4.png,28.060131
414156_5.png,29.27993
415727_1.png,29.091087
415727_2.png,27.987568
415727_3.png,28.166534
415727_4.png,28.38744
415727_5.png,29.042397
416758_1.png,29.225784
416758_2.png,27.978214
416758_3.png,28.30906
416758_4.png,28.287718
416758_5.png,29.286125
416931_1.png,28.82752
416931_2.png,27.940615
416931_3.png,27.904488
416931_4.png,28.624622
416931_5.png,28.678043
417284_1.png,29.810005
417284_2.png,27.998726
417284_3.png,27.909256
417284_4.png,28.813892
417284_5.png,29.848307
418523_1.png,29.477589
418523_2.png,27.952154
418523_3.png,28.777836
418523_4.png,28.275368
418523_5.png,29.50595
418680_1.png,29.881882
418680_2.png,27.948166
418680_3.png,27.580765
418680_4.png,28.05067
418680_5.png,29.788778
419089_1.png,29.32597
419089_2.png,27.929071
419089_3.png,28.011166
419089_4.png,28.071709
419089_5.png,29.497355
41998_1.png,29.224339
41998_2.png,27.719994
41998_3.png,27.889729
41998_4.png,28.138996
41998_5.png,28.832432
420281_1.png,29.5624
420281_2.png,27.99206
420281_3.png,27.951004
420281_4.png,28.05885
420281_5.png,29.417007
420389_1.png,28.905851
420389_2.png,27.83073
420389_3.png,27.934464
420389_4.png,27.810356
420389_5.png,28.751032
421188_1.png,28.824497
421188_2.png,27.803322
421188_3.png,28.344116
421188_4.png,28.083473
421188_5.png,28.53424
422240_1.png,29.594545
422240_2.png,28.243185
422240_3.png,28.743778
422240_4.png,28.632133
422240_5.png,30.142874
422350_1.png,29.331913
422350_2.png,27.799868
422350_3.png,28.243526
422350_4.png,28.898247
422350_5.png,28.94936
422783_1.png,29.713997
422783_2.png,28.129267
422783_3.png,28.443722
422783_4.png,28.534634
422783_5.png,30.144918
423498_1.png,29.640852
423498_2.png,27.96827
423498_3.png,27.857388
423498_4.png,28.714516
423498_5.png,30.089054
423951_1.png,29.203495
423951_2.png,27.903854
423951_3.png,27.876575
423951_4.png,28.88321
423951_5.png,29.063381
427341_1.png,28.58853
427341_2.png,27.811098
427341_3.png,27.908768
427341_4.png,28.175282
427341_5.png,28.805595
427386_1.png,28.328487
427386_2.png,28.008715
427386_3.png,28.19511
427386_4.png,28.186493
427386_5.png,28.890362
428278_1.png,28.990913
428278_2.png,27.937445
428278_3.png,28.59069
428278_4.png,27.873196
428278_5.png,29.373983
428366_1.png,28.481201
428366_2.png,27.917885
428366_3.png,27.765617
428366_4.png,28.023134
428366_5.png,28.42342
428712_1.png,28.575886
428712_2.png,27.729565
428712_3.png,27.785393
428712_4.png,27.91071
428712_5.png,28.716858
428975_1.png,29.246067
428975_2.png,28.066692
428975_3.png,28.087769
428975_4.png,28.556046
428975_5.png,29.288586
42956_1.png,29.030178
42956_2.png,27.752745
42956_3.png,27.809732
42956_4.png,27.857227
42956_5.png,29.428028
429996_1.png,28.735588
429996_2.png,27.945595
429996_3.png,28.020145
429996_4.png,28.085754
429996_5.png,29.089298
430073_1.png,29.042076
430073_2.png,27.80583
430073_3.png,27.989618
430073_4.png,27.847637
430073_5.png,29.351543
431923_1.png,28.961239
431923_2.png,27.993805
431923_3.png,28.063477
431923_4.png,28.336143
431923_5.png,28.94521
432414_1.png,28.697674
432414_2.png,27.963932
432414_3.png,27.858925
432414_4.png,27.704586
432414_5.png,28.494888
432623_1.png,28.66993
432623_2.png,28.023235
432623_3.png,28.031937
432623_4.png,28.06258
432623_5.png,28.614567
433515_1.png,29.693077
433515_2.png,27.739693
433515_3.png,27.807442
433515_4.png,28.447687
433515_5.png,29.652046
434806_1.png,30.516323
434806_2.png,27.99022
434806_3.png,28.080498
434806_4.png,28.37904
434806_5.png,30.612648
43494_1.png,29.557568
43494_2.png,28.09049
43494_3.png,28.506044
43494_4.png,28.54854
43494_5.png,29.413326
435012_1.png,29.311531
435012_2.png,27.931444
435012_3.png,27.94561
435012_4.png,27.871986
435012_5.png,29.471626
435321_1.png,28.940933
435321_2.png,27.807188
435321_3.png,27.86969
435321_4.png,27.909569
435321_5.png,29.145283
43712_1.png,30.43742
43712_2.png,28.095507
43712_3.png,28.05543
43712_4.png,28.14867
43712_5.png,30.27697
438495_1.png,29.679152
438495_2.png,27.908365
438495_3.png,27.95787
438495_4.png,28.12353
438495_5.png,29.842438
44136_1.png,30.12254
44136_2.png,28.393654
44136_3.png,28.360867
44136_4.png,29.347652
44136_5.png,30.597336
441541_1.png,29.530922
441541_2.png,27.946438
441541_3.png,27.941288
441541_4.png,28.694098
441541_5.png,29.74622
441614_1.png,28.878574
441614_2.png,27.859901
441614_3.png,27.943249
441614_4.png,27.676353
441614_5.png,29.398624
44171_1.png,28.815376
44171_2.png,28.085697
44171_3.png,28.062601
44171_4.png,28.069061
44171_5.png,29.20705
442040_1.png,29.755245
442040_2.png,27.908213
442040_3.png,27.829002
442040_4.png,28.05639
442040_5.png,29.79565
442128_1.png,29.173672
442128_2.png,27.986488
442128_3.png,28.300749
442128_4.png,28.098778
442128_5.png,29.45338
443313_1.png,30.155876
443313_2.png,27.951567
443313_3.png,27.930851
443313_4.png,28.090776
443313_5.png,29.922825
44347_1.png,28.959011
44347_2.png,27.764194
44347_3.png,27.893719
44347_4.png,27.705753
44347_5.png,29.109703
44494_1.png,28.51572
44494_2.png,27.891106
44494_3.png,27.94434
44494_4.png,27.973286
44494_5.png,28.676003
445594_1.png,28.43042
445594_2.png,27.678976
445594_3.png,27.81377
445594_4.png,28.016562
445594_5.png,28.556736
446894_1.png,28.76284
446894_2.png,27.908587
446894_3.png,27.96631
446894_4.png,28.473213
446894_5.png,28.611416
448765_1.png,28.858738
448765_2.png,27.925228
448765_3.png,28.182028
448765_4.png,27.793814
448765_5.png,28.645712
448897_1.png,28.89907
448897_2.png,27.880226
448897_3.png,28.006056
448897_4.png,27.886211
448897_5.png,29.071278
449038_1.png,30.212828
449038_2.png,28.081142
449038_3.png,27.927189
449038_4.png,28.392174
449038_5.png,30.24433
450263_1.png,29.139236
450263_2.png,27.893763
450263_3.png,27.94012
450263_4.png,28.546455
450263_5.png,29.344036
450790_1.png,29.463078
450790_2.png,27.774605
450790_3.png,28.121851
450790_4.png,27.81456
450790_5.png,29.624462
451144_1.png,30.119572
451144_2.png,27.89399
451144_3.png,27.789524
451144_4.png,28.177174
451144_5.png,30.017044
451155_1.png,30.08945
451155_2.png,28.717358
451155_3.png,28.39587
451155_4.png,28.597044
451155_5.png,30.481525
451623_1.png,29.305935
451623_2.png,27.959213
451623_3.png,28.107662
451623_4.png,28.102226
451623_5.png,29.073236
45550_1.png,30.635101
45550_2.png,28.273865
45550_3.png,27.988598
45550_4.png,28.28003
45550_5.png,30.205406
455937_1.png,29.701324
455937_2.png,28.035635
455937_3.png,28.083736
455937_4.png,28.529152
455937_5.png,29.413902
455975_1.png,28.79372
455975_2.png,27.978909
455975_3.png,28.006655
455975_4.png,28.272306
455975_5.png,29.607992
456012_1.png,29.533478
456012_2.png,27.814709
456012_3.png,27.990326
456012_4.png,28.015377
456012_5.png,29.089254
456046_1.png,28.781551
456046_2.png,28.17007
456046_3.png,27.924948
456046_4.png,28.013206
456046_5.png,28.634483
456127_1.png,28.523182
456127_2.png,28.132294
456127_3.png,28.013103
456127_4.png,27.96356
456127_5.png,28.685282
456730_1.png,28.784613
456730_2.png,27.946196
456730_3.png,28.24162
456730_4.png,28.246635
456730_5.png,28.589806
456732_1.png,29.986816
456732_2.png,27.818245
456732_3.png,27.805239
456732_4.png,27.967815
456732_5.png,30.034134
459136_1.png,28.278145
459136_2.png,27.919027
459136_3.png,27.931538
459136_4.png,28.647469
459136_5.png,29.257786
460266_1.png,29.253696
460266_2.png,28.126942
460266_3.png,28.055855
460266_4.png,28.41122
460266_5.png,29.403284
462904_1.png,29.009739
462904_2.png,27.93135
462904_3.png,28.0248
462904_4.png,27.846182
462904_5.png,29.071795
463498_1.png,28.576397
463498_2.png,27.917946
463498_3.png,27.952045
463498_4.png,27.902489
463498_5.png,28.60244
464092_1.png,29.263325
464092_2.png,28.076565
464092_3.png,28.339638
464092_4.png,28.033056
464092_5.png,29.63401
465267_1.png,29.4641
465267_2.png,27.85883
465267_3.png,27.879412
465267_4.png,27.699913
465267_5.png,29.344868
466211_1.png,29.005356
466211_2.png,27.807901
466211_3.png,28.284658
466211_4.png,27.827047
466211_5.png,29.04721
466565_1.png,29.822485
466565_2.png,28.050817
466565_3.png,28.699774
466565_4.png,28.44153
466565_5.png,29.491934
466570_1.png,28.91805
466570_2.png,28.036427
466570_3.png,27.965279
466570_4.png,27.873348
466570_5.png,28.726015
467848_1.png,29.005508
467848_2.png,27.825464
467848_3.png,27.971926
467848_4.png,28.048943
467848_5.png,29.296532
468043_1.png,30.169893
468043_2.png,27.982344
468043_3.png,27.839111
468043_4.png,28.429686
468043_5.png,29.939064
468121_1.png,28.952621
468121_2.png,27.945847
468121_3.png,28.057941
468121_4.png,28.19232
468121_5.png,29.690083
468925_1.png,29.637764
468925_2.png,28.16892
468925_3.png,28.013073
468925_4.png,28.943733
468925_5.png,29.022358
469192_1.png,30.716255
469192_2.png,27.984818
469192_3.png,27.855495
469192_4.png,28.064077
469192_5.png,30.365852
469300_1.png,29.425865
469300_2.png,27.836618
469300_3.png,27.923828
469300_4.png,29.18964
469300_5.png,29.851393
469828_1.png,29.330944
469828_2.png,28.088337
469828_3.png,27.76469
469828_4.png,28.39783
469828_5.png,29.196972
469857_1.png,29.20526
469857_2.png,28.0373
469857_3.png,28.259888
469857_4.png,28.355232
469857_5.png,29.339012
470121_1.png,28.886208
470121_2.png,27.936024
470121_3.png,28.15854
470121_4.png,28.309734
470121_5.png,29.448902
470366_1.png,28.866463
470366_2.png,27.883644
470366_3.png,28.033333
470366_4.png,27.960766
470366_5.png,28.682821
470423_1.png,29.620152
470423_2.png,27.92298
470423_3.png,27.981071
470423_4.png,27.956774
470423_5.png,29.788807
472030_1.png,28.253675
472030_2.png,27.87563
472030_3.png,27.996284
472030_4.png,27.814627
472030_5.png,28.66317
474464_1.png,29.484177
474464_2.png,27.795969
474464_3.png,27.900387
474464_4.png,28.265627
474464_5.png,29.364588
474499_1.png,28.95735
474499_2.png,28.06522
474499_3.png,27.983818
474499_4.png,28.334675
474499_5.png,29.382635
475990_1.png,29.352566
475990_2.png,28.17755
475990_3.png,27.94161
475990_4.png,28.213291
475990_5.png,29.82158
476910_1.png,28.027267
476910_2.png,27.993805
476910_3.png,27.968246
476910_4.png,28.404873
476910_5.png,28.528542
478312_1.png,29.275106
478312_2.png,27.896606
478312_3.png,28.005322
478312_4.png,27.962482
478312_5.png,29.804886
478420_1.png,29.163847
478420_2.png,27.75747
478420_3.png,28.515968
478420_4.png,27.857876
478420_5.png,28.959896
479176_1.png,29.548517
479176_2.png,27.841774
479176_3.png,27.98924
479176_4.png,27.984356
479176_5.png,29.74691
482297_1.png,29.50608
482297_2.png,27.923103
482297_3.png,27.941467
482297_4.png,27.738956
482297_5.png,29.706429
484531_1.png,28.81468
484531_2.png,28.110851
484531_3.png,28.084412
484531_4.png,28.026161
484531_5.png,28.576157
486171_1.png,29.43277
486171_2.png,27.92832
486171_3.png,27.696548
486171_4.png,28.250984
486171_5.png,29.120367
486369_1.png,29.69922
486369_2.png,28.188717
486369_3.png,28.791864
486369_4.png,28.028507
486369_5.png,29.711546
486770_1.png,29.557613
486770_2.png,28.199867
486770_3.png,28.080128
486770_4.png,28.21556
486770_5.png,29.188286
488201_1.png,29.552094
488201_2.png,28.141003
488201_3.png,27.983093
488201_4.png,28.312798
488201_5.png,29.149998
489304_1.png,29.385101
489304_2.png,27.96077
489304_3.png,27.864891
489304_4.png,28.115646
489304_5.png,29.380934
489873_1.png,29.194283
489873_2.png,28.290203
489873_3.png,28.204739
489873_4.png,28.60311
489873_5.png,29.701298
490470_1.png,29.546215
490470_2.png,27.946917
490470_3.png,28.065874
490470_4.png,28.014694
490470_5.png,29.709522
493295_1.png,29.306686
493295_2.png,28.091164
493295_3.png,28.086926
493295_4.png,28.047676
493295_5.png,28.909021
495146_1.png,30.367857
495146_2.png,27.850433
495146_3.png,28.03742
495146_4.png,28.546497
495146_5.png,30.290876
496252_1.png,29.16006
496252_2.png,27.8835
496252_3.png,27.973286
496252_4.png,27.935051
496252_5.png,29.111366
496597_1.png,29.877892
496597_2.png,27.92883
496597_3.png,27.687817
496597_4.png,27.978943
496597_5.png,29.913311
497388_1.png,29.555481
497388_2.png,28.005692
497388_3.png,27.813137
497388_4.png,28.501987
497388_5.png,29.397465
497593_1.png,28.326614
497593_2.png,27.779526
497593_3.png,27.913582
497593_4.png,28.169157
497593_5.png,29.110628
500432_1.png,29.065235
500432_2.png,28.049536
500432_3.png,27.940327
500432_4.png,28.192211
500432_5.png,28.732388
501762_1.png,30.120785
501762_2.png,28.122658
501762_3.png,27.805466
501762_4.png,29.054363
501762_5.png,30.044813
503108_1.png,29.59839
503108_2.png,27.883018
503108_3.png,27.997345
503108_4.png,29.340347
503108_5.png,29.453829
503202_1.png,28.803928
503202_2.png,28.103853
503202_3.png,28.142433
503202_4.png,28.728825
503202_5.png,28.987682
503418_1.png,28.301956
503418_2.png,28.020855
503418_3.png,27.847527
503418_4.png,28.128742
503418_5.png,28.352352
50350_1.png,29.217808
50350_2.png,27.96463
50350_3.png,28.157307
50350_4.png,28.290358
50350_5.png,29.503414
504621_1.png,29.825253
504621_2.png,28.280407
504621_3.png,28.223913
504621_4.png,28.80252
504621_5.png,30.049408
505043_1.png,30.656994
505043_2.png,28.191635
505043_3.png,28.224022
505043_4.png,28.71453
505043_5.png,30.201366
506454_1.png,29.145672
506454_2.png,27.958239
506454_3.png,28.593441
506454_4.png,27.929234
506454_5.png,29.083946
506471_1.png,29.122581
506471_2.png,27.857876
506471_3.png,28.33715
506471_4.png,28.058615
506471_5.png,29.155245
507301_1.png,30.098911
507301_2.png,28.168915
507301_3.png,28.316074
507301_4.png,28.24038
507301_5.png,30.077366
508656_1.png,29.641493
508656_2.png,28.03044
508656_3.png,27.977419
508656_4.png,28.422894
508656_5.png,29.871803
508872_1.png,29.357712
508872_2.png,28.157871
508872_3.png,28.041866
508872_4.png,28.403763
508872_5.png,29.313145
509416_1.png,29.378746
509416_2.png,28.29721
509416_3.png,28.519737
509416_4.png,29.057613
509416_5.png,29.657032
510230_1.png,29.132416
510230_2.png,27.927422
510230_3.png,28.093464
510230_4.png,27.788177
510230_5.png,29.92952
511050_1.png,29.93377
511050_2.png,28.006535
511050_3.png,28.068878
511050_4.png,28.27918
511050_5.png,29.678009
513507_1.png,30.696644
513507_2.png,27.858757
513507_3.png,27.772326
513507_4.png,29.950603
513507_5.png,30.531605
515247_1.png,28.657862
515247_2.png,27.775059
515247_3.png,28.218868
515247_4.png,27.884853
515247_5.png,28.647848
515445_1.png,30.354641
515445_2.png,27.952242
515445_3.png,27.810627
515445_4.png,28.445541
515445_5.png,30.165985
516677_1.png,28.909042
516677_2.png,28.039341
516677_3.png,29.018793
516677_4.png,29.09771
516677_5.png,29.222153
516827_1.png,28.63088
516827_2.png,27.960619
516827_3.png,27.899857
516827_4.png,27.401848
516827_5.png,28.430857
516916_1.png,29.025074
516916_2.png,28.086296
516916_3.png,27.958307
516916_4.png,28.88877
516916_5.png,29.61788
51702_1.png,30.690626
51702_2.png,27.96988
51702_3.png,28.105053
51702_4.png,29.00452
51702_5.png,30.527515
517081_1.png,29.614088
517081_2.png,28.183693
517081_3.png,28.270546
517081_4.png,28.725502
517081_5.png,29.003073
519271_1.png,29.049187
519271_2.png,28.064552
519271_3.png,27.94257
519271_4.png,28.33553
519271_5.png,28.6945
519649_1.png,29.00323
519649_2.png,28.04743
519649_3.png,27.955402
519649_4.png,28.779633
519649_5.png,29.273771
520324_1.png,29.99428
520324_2.png,27.84087
520324_3.png,27.879635
520324_4.png,29.22495
520324_5.png,30.042206
522262_1.png,29.020542
522262_2.png,28.052372
522262_3.png,27.993042
522262_4.png,28.21244
522262_5.png,29.397003
523096_1.png,30.112087
523096_2.png,28.254215
523096_3.png,28.463737
523096_4.png,29.429642
523096_5.png,30.535969
523315_1.png,28.220547
523315_2.png,27.884518
523315_3.png,27.935814
523315_4.png,28.142643
523315_5.png,28.224552
523373_1.png,28.96252
523373_2.png,28.012358
523373_3.png,28.30687
523373_4.png,28.721262
523373_5.png,29.078342
526028_1.png,29.241697
526028_2.png,28.228134
526028_3.png,28.544819
526028_4.png,28.94939
526028_5.png,29.6936
526342_1.png,29.336376
526342_2.png,27.959932
526342_3.png,27.98943
526342_4.png,28.206425
526342_5.png,28.846592
528984_1.png,29.43567
528984_2.png,27.853691
528984_3.png,27.777946
528984_4.png,29.484112
528984_5.png,29.612247
529105_1.png,28.277294
529105_2.png,28.07846
529105_3.png,27.878788
529105_4.png,28.148018
529105_5.png,28.305794
52936_1.png,29.187096
52936_2.png,28.060215
52936_3.png,28.204681
52936_4.png,28.405952
52936_5.png,28.993805
529939_1.png,29.650526
529939_2.png,28.098278
529939_3.png,28.30275
529939_4.png,28.156387
529939_5.png,29.87358
531707_1.png,29.542149
531707_2.png,28.064556
531707_3.png,27.770134
531707_4.png,28.789465
531707_5.png,29.31986
532164_1.png,29.373697
532164_2.png,28.019588
532164_3.png,27.976688
532164_4.png,28.127169
532164_5.png,29.412271
532759_1.png,29.680471
532759_2.png,27.879269
532759_3.png,27.924198
532759_4.png,27.966167
532759_5.png,29.587318
533976_1.png,29.519463
533976_2.png,27.81992
533976_3.png,28.094128
533976_4.png,28.165468
533976_5.png,29.84616
535889_1.png,29.236612
535889_2.png,27.937962
535889_3.png,27.954338
535889_4.png,28.375267
535889_5.png,29.4087
535934_1.png,29.616604
535934_2.png,28.04237
535934_3.png,28.086914
535934_4.png,28.347763
535934_5.png,29.512508
537631_1.png,29.505337
537631_2.png,27.954582
537631_3.png,28.356518
537631_4.png,28.033262
537631_5.png,29.690525
538741_1.png,29.740608
538741_2.png,27.98523
538741_3.png,28.054455
538741_4.png,27.848793
538741_5.png,29.968174
538976_1.png,29.283794
538976_2.png,28.236624
538976_3.png,28.671394
538976_4.png,27.978539
538976_5.png,28.946856
53949_1.png,28.808712
53949_2.png,28.071598
53949_3.png,28.017555
53949_4.png,28.520275
53949_5.png,28.718182
54091_1.png,29.016048
54091_2.png,27.99907
54091_3.png,28.07967
54091_4.png,28.388245
54091_5.png,28.956059
541478_1.png,28.757668
541478_2.png,27.994164
541478_3.png,27.805866
541478_4.png,28.751545
541478_5.png,28.39792
542509_1.png,29.501348
542509_2.png,27.796345
542509_3.png,28.010788
542509_4.png,28.217035
542509_5.png,29.517925
542625_1.png,28.483353
542625_2.png,27.843914
542625_3.png,27.960293
542625_4.png,28.120308
542625_5.png,29.235983
544216_1.png,28.981014
544216_2.png,27.815876
544216_3.png,27.89663
544216_4.png,28.103817
544216_5.png,28.89959
545006_1.png,29.304607
545006_2.png,27.85888
545006_3.png,27.900795
545006_4.png,28.230606
545006_5.png,29.373547
545293_1.png,28.205557
545293_2.png,28.11219
545293_3.png,28.16145
545293_4.png,27.856592
545293_5.png,28.291437
546826_1.png,28.444777
546826_2.png,27.925598
546826_3.png,28.100204
546826_4.png,28.034666
546826_5.png,28.472073
547336_1.png,28.352093
547336_2.png,27.927277
547336_3.png,27.927895
547336_4.png,28.391705
547336_5.png,28.420094
54763_1.png,29.351467
54763_2.png,27.84217
54763_3.png,27.72088
54763_4.png,27.839108
54763_5.png,29.54596
549230_1.png,28.869137
549230_2.png,27.819887
549230_3.png,28.04375
549230_4.png,28.331211
549230_5.png,28.920052
55053_1.png,30.175362
55053_2.png,27.945877
55053_3.png,27.842743
55053_4.png,28.37865
55053_5.png,30.042997
551358_1.png,28.92744
551358_2.png,28.003828
551358_3.png,27.842775
551358_4.png,27.727293
551358_5.png,28.860619
552377_1.png,29.181992
552377_2.png,28.163498
552377_3.png,27.884336
552377_4.png,27.959469
552377_5.png,29.535221
553669_1.png,28.860014
553669_2.png,27.836365
553669_3.png,27.984873
553669_4.png,27.725561
553669_5.png,28.903278
553879_1.png,28.458462
553879_2.png,27.982174
553879_3.png,27.846996
553879_4.png,28.381783
553879_5.png,28.94086
554145_1.png,29.02694
554145_2.png,27.86716
554145_3.png,27.89779
554145_4.png,27.603966
554145_5.png,28.794426
555571_1.png,30.078362
555571_2.png,28.174946
555571_3.png,27.901222
555571_4.png,29.355694
555571_5.png,29.838503
556341_1.png,28.897934
556341_2.png,28.000278
556341_3.png,28.09606
556341_4.png,28.081993
556341_5.png,28.686691
557679_1.png,29.76999
557679_2.png,27.958485
557679_3.png,27.961994
557679_4.png,28.175148
557679_5.png,29.686577
557884_1.png,28.766262
557884_2.png,27.861528
557884_3.png,28.620317
557884_4.png,28.327328
557884_5.png,28.938559
55810_1.png,29.39574
55810_2.png,27.757385
55810_3.png,27.94307
55810_4.png,28.166971
55810_5.png,29.736032
558671_1.png,29.075153
558671_2.png,28.004044
558671_3.png,27.901476
558671_4.png,27.870314
558671_5.png,28.873613
559550_1.png,28.833439
559550_2.png,27.893167
559550_3.png,28.010288
559550_4.png,27.99974
559550_5.png,29.143791
559730_1.png,28.721935
559730_2.png,27.959229
559730_3.png,27.885601
559730_4.png,28.298145
559730_5.png,28.97715
560178_1.png,29.041039
560178_2.png,28.055283
560178_3.png,28.997993
560178_4.png,28.21429
560178_5.png,29.060709
560721_1.png,29.36689
560721_2.png,27.922577
560721_3.png,28.002071
560721_4.png,28.211552
560721_5.png,29.148033
562803_1.png,28.593517
562803_2.png,27.923096
562803_3.png,28.49527
562803_4.png,28.016203
562803_5.png,29.29761
562856_1.png,28.997421
562856_2.png,27.886295
562856_3.png,28.37052
562856_4.png,28.19535
562856_5.png,29.276009
563185_1.png,29.355518
563185_2.png,27.952042
563185_3.png,28.133156
563185_4.png,28.18887
563185_5.png,29.439901
563615_1.png,29.066898
563615_2.png,27.998646
563615_3.png,28.103222
563615_4.png,27.987026
563615_5.png,28.82241
563871_1.png,29.0336
563871_2.png,27.74398
563871_3.png,27.94884
563871_4.png,28.484661
563871_5.png,28.947544
564657_1.png,30.165047
564657_2.png,28.247189
564657_3.png,28.923368
564657_4.png,28.68241
564657_5.png,30.520782
565781_1.png,29.560394
565781_2.png,27.929314
565781_3.png,27.921452
565781_4.png,28.391035
565781_5.png,29.505154
566027_1.png,29.089447
566027_2.png,28.134987
566027_3.png,28.230806
566027_4.png,28.26092
566027_5.png,28.734806
566524_1.png,29.381031
566524_2.png,27.880138
566524_3.png,27.99279
566524_4.png,28.481441
566524_5.png,29.21828
568611_1.png,28.967836
568611_2.png,27.985048
568611_3.png,28.166355
568611_4.png,28.048822
568611_5.png,29.279007
569319_1.png,28.619232
569319_2.png,27.860622
569319_3.png,28.13375
569319_4.png,28.136547
569319_5.png,29.056988
570680_1.png,28.410252
570680_2.png,28.501347
570680_3.png,28.80372
570680_4.png,28.214005
570680_5.png,29.179073
572453_1.png,28.648897
572453_2.png,27.991085
572453_3.png,27.970509
572453_4.png,27.94405
572453_5.png,28.899094
572825_1.png,28.855934
572825_2.png,27.839176
572825_3.png,27.898388
572825_4.png,27.792404
572825_5.png,29.06174
572889_1.png,28.576084
572889_2.png,27.880718
572889_3.png,27.941761
572889_4.png,28.423033
572889_5.png,28.796001
573605_1.png,29.856907
573605_2.png,27.966629
573605_3.png,28.084248
573605_4.png,28.848475
573605_5.png,29.397732
57363_1.png,29.689302
57363_2.png,27.962667
57363_3.png,28.083626
57363_4.png,28.19286
57363_5.png,29.833853
57377_1.png,28.588161
57377_2.png,27.936321
57377_3.png,28.005985
57377_4.png,27.687101
57377_5.png,28.354237
574166_1.png,29.180729
574166_2.png,28.00729
574166_3.png,27.835123
574166_4.png,28.09364
574166_5.png,29.471455
576327_1.png,28.750715
576327_2.png,28.04451
576327_3.png,27.925625
576327_4.png,27.998922
576327_5.png,28.78736
577526_1.png,29.377048
577526_2.png,27.94479
577526_3.png,27.81165
577526_4.png,28.30283
577526_5.png,29.357252
578107_1.png,29.219114
578107_2.png,28.06781
578107_3.png,28.036392
578107_4.png,28.399076
578107_5.png,29.526367
57814_1.png,28.469742
57814_2.png,27.880768
57814_3.png,28.159355
57814_4.png,28.173302
57814_5.png,28.491177
57878_1.png,28.532265
57878_2.png,27.92919
57878_3.png,28.343327
57878_4.png,28.66094
57878_5.png,29.34209
578848_1.png,29.73977
578848_2.png,27.770016
578848_3.png,27.816277
578848_4.png,28.006733
578848_5.png,29.836685
57904_1.png,29.641869
57904_2.png,28.00633
57904_3.png,28.1105
57904_4.png,28.200174
57904_5.png,30.135403
58569_1.png,29.452156
58569_2.png,27.977802
58569_3.png,28.332409
58569_4.png,28.225273
58569_5.png,29.984493
60449_1.png,29.213667
60449_2.png,28.010267
60449_3.png,27.894941
60449_4.png,28.940563
60449_5.png,29.11834
61735_1.png,28.989138
61735_2.png,28.236752
61735_3.png,28.534788
61735_4.png,28.463215
61735_5.png,28.990143
63729_1.png,28.928473
63729_2.png,28.02942
63729_3.png,28.165392
63729_4.png,28.480331
63729_5.png,28.754253
64703_1.png,29.302824
64703_2.png,27.949863
64703_3.png,28.539524
64703_4.png,28.154633
64703_5.png,29.381924
65008_1.png,29.175846
65008_2.png,27.763218
65008_3.png,27.713688
65008_4.png,28.125866
65008_5.png,28.75389
65124_1.png,28.925577
65124_2.png,27.741573
65124_3.png,27.726273
65124_4.png,28.252872
65124_5.png,28.961985
65427_1.png,29.854778
65427_2.png,28.010756
65427_3.png,28.217506
65427_4.png,28.464157
65427_5.png,29.615477
66001_1.png,29.13768
66001_2.png,28.059616
66001_3.png,28.971504
66001_4.png,28.287762
66001_5.png,29.335972
66879_1.png,29.380566
66879_2.png,27.748978
66879_3.png,28.26891
66879_4.png,28.31119
66879_5.png,29.77578
675_1.png,29.167866
675_2.png,28.21209
675_3.png,27.930141
675_4.png,28.663887
675_5.png,29.5
68743_1.png,28.779795
68743_2.png,28.102625
68743_3.png,28.101208
68743_4.png,27.976786
68743_5.png,28.837984
69827_1.png,29.474997
69827_2.png,28.102377
69827_3.png,27.904877
69827_4.png,28.167284
69827_5.png,29.384624
70739_1.png,29.436388
70739_2.png,27.812763
70739_3.png,27.923437
70739_4.png,28.41881
70739_5.png,29.728495
71136_1.png,29.529106
71136_2.png,27.995155
71136_3.png,28.154692
71136_4.png,28.793255
71136_5.png,29.133694
71239_1.png,28.956287
71239_2.png,27.860239
71239_3.png,27.823986
71239_4.png,28.100666
71239_5.png,29.170757
73861_1.png,30.501465
73861_2.png,28.059296
73861_3.png,28.131798
73861_4.png,28.12899
73861_5.png,30.147419
74412_1.png,29.35637
74412_2.png,27.962044
74412_3.png,28.328243
74412_4.png,28.449154
74412_5.png,29.581629
75090_1.png,28.72908
75090_2.png,27.925621
75090_3.png,27.851357
75090_4.png,27.996126
75090_5.png,29.247501
75696_1.png,28.802746
75696_2.png,27.861034
75696_3.png,27.887213
75696_4.png,28.13604
75696_5.png,29.182148
76625_1.png,29.1007
76625_2.png,27.91667
76625_3.png,27.969051
76625_4.png,28.25977
76625_5.png,29.190742
77473_1.png,28.753126
77473_2.png,27.88348
77473_3.png,28.056458
77473_4.png,28.372349
77473_5.png,28.598248
78495_1.png,28.861965
78495_2.png,27.971478
78495_3.png,27.833773
78495_4.png,28.33792
78495_5.png,29.27201
78696_1.png,28.863194
78696_2.png,28.121468
78696_3.png,28.038269
78696_4.png,28.113605
78696_5.png,28.919888
79588_1.png,29.177578
79588_2.png,28.159805
79588_3.png,28.29458
79588_4.png,28.484226
79588_5.png,28.925632
79906_1.png,29.330086
79906_2.png,28.084568
79906_3.png,28.288921
79906_4.png,28.1333
79906_5.png,29.1027
79955_1.png,28.899899
79955_2.png,27.956642
79955_3.png,28.217094
79955_4.png,28.094692
79955_5.png,29.054281
79966_1.png,29.065838
79966_2.png,27.892982
79966_3.png,28.033665
79966_4.png,27.887426
79966_5.png,28.417074
81081_1.png,28.952854
81081_2.png,27.970013
81081_3.png,27.935122
81081_4.png,28.486366
81081_5.png,29.448032
82338_1.png,29.627716
82338_2.png,27.96616
82338_3.png,27.899008
82338_4.png,27.91718
82338_5.png,29.825111
82363_1.png,29.159418
82363_2.png,27.814783
82363_3.png,27.784962
82363_4.png,28.789043
82363_5.png,29.664103
83113_1.png,28.826767
83113_2.png,27.926865
83113_3.png,27.983612
83113_4.png,27.865053
83113_5.png,28.84791
84474_1.png,29.811872
84474_2.png,27.881327
84474_3.png,28.107483
84474_4.png,28.776554
84474_5.png,30.223354
8473_1.png,29.484375
8473_2.png,28.185722
8473_3.png,28.548544
8473_4.png,28.736557
8473_5.png,29.84813
85632_1.png,29.720367
85632_2.png,27.76844
85632_3.png,27.89515
85632_4.png,28.00262
85632_5.png,29.703922
85914_1.png,28.795748
85914_2.png,27.774128
85914_3.png,28.544636
85914_4.png,28.444748
85914_5.png,28.888424
89391_1.png,29.796577
89391_2.png,27.957523
89391_3.png,27.929848
89391_4.png,28.316689
89391_5.png,30.185545
89445_1.png,28.936361
89445_2.png,27.907871
89445_3.png,27.923851
89445_4.png,28.689598
89445_5.png,29.329094
90367_1.png,30.10493
90367_2.png,27.961845
90367_3.png,27.949669
90367_4.png,28.010536
90367_5.png,29.572338
91045_1.png,28.869812
91045_2.png,28.027634
91045_3.png,28.003166
91045_4.png,28.308825
91045_5.png,28.859993
92028_1.png,30.71317
92028_2.png,27.972034
92028_3.png,27.826311
92028_4.png,29.290077
92028_5.png,30.392508
92248_1.png,29.104868
92248_2.png,27.85154
92248_3.png,27.83251
92248_4.png,27.96697
92248_5.png,29.467342
93314_1.png,28.980858
93314_2.png,27.929148
93314_3.png,27.910069
93314_4.png,28.028133
93314_5.png,28.778187
94052_1.png,28.67178
94052_2.png,27.779144
94052_3.png,28.042759
94052_4.png,28.234253
94052_5.png,29.62405
94299_1.png,29.278133
94299_2.png,27.91442
94299_3.png,28.005787
94299_4.png,28.135809
94299_5.png,29.05304
9527_1.png,29.929514
9527_2.png,27.999443
9527_3.png,27.892914
9527_4.png,28.588219
9527_5.png,30.121895
95899_1.png,29.732185
95899_2.png,28.046375
95899_3.png,27.969881
95899_4.png,28.128544
95899_5.png,29.80921
97036_1.png,28.807102
97036_2.png,27.78746
97036_3.png,28.017975
97036_4.png,27.731617
97036_5.png,28.79084
98520_1.png,29.952534
98520_2.png,27.894392
98520_3.png,27.932976
98520_4.png,28.391088
98520_5.png,30.061325
98683_1.png,30.550472
98683_2.png,28.266151
98683_3.png,28.3895
98683_4.png,28.641294
98683_5.png,30.488655
98721_1.png,29.435902
98721_2.png,28.170597
98721_3.png,27.983925
98721_4.png,28.241688
98721_5.png,29.305965
98729_1.png,29.381626
98729_2.png,27.926514
98729_3.png,28.1994
98729_4.png,28.159782
98729_5.png,29.46656
9908_1.png,29.676498
9908_2.png,28.227917
9908_3.png,28.238451
9908_4.png,29.382154
9908_5.png,29.050566
99584_1.png,29.786552
99584_2.png,28.12437
99584_3.png,27.892792
99584_4.png,28.644264
99584_5.png,29.722187
